zone_id,latitude,longitude,elevation,slope,aspect,curvature,land_cover_code,historical_landslide_density,rainfall_1h,rainfall_3h,rainfall_6h,rainfall_12h,rainfall_24h,rainfall_3day,rainfall_7day,soil_moisture_0_7cm,soil_moisture_7_28cm,earthquake_count_7d,nearest_eq_distance_km,max_eq_magnitude,prediction,risk_pct,risk_level,fetched_at,predicted_at
Z_22.0_88.0,22.0,88.0,3,0.61,147.8,1e-06,1,0.0,1.4,1.6,2.7,8.5,17.8,45.0,62.9,0.515,0.506,1,1058.1,4.2,0.6127,61.3,HIGH,2026-09-10T06:09:21Z,2026-09-10T06:10:35Z
Z_22.0_88.5,22.0,88.5,1,0.52,180.2,1e-06,6,0.0,2.6,2.6,3.2,13.2,14.8,45.9,73.1,0.52,0.507,1,1015.5,4.2,0.6164,61.6,HIGH,2026-09-10T06:09:21Z,2026-09-10T06:10:35Z
Z_22.0_89.0,22.0,89.0,6,0.52,179.9,1e-06,5,0.0,1.0,1.0,1.1,5.9,11.1,33.2,69.4,0.504,0.504,1,973.7,4.2,0.5959,59.6,HIGH,2026-09-10T06:09:21Z,2026-09-10T06:10:35Z
Z_22.0_89.5,22.0,89.5,0,0.51,179.9,1e-06,1,0.0,0.0,0.0,0.1,1.7,3.8,25.3,48.4,0.489,0.493,1,932.8,4.2,0.5339,53.4,HIGH,2026-09-10T06:09:21Z,2026-09-10T06:10:35Z
Z_22.0_90.0,22.0,90.0,5,0.52,180.4,1e-06,1,0.0,0.2,0.2,0.3,3.8,6.7,22.1,56.6,0.486,0.477,1,892.8,4.2,0.5584,55.8,HIGH,2026-09-10T06:09:21Z,2026-09-10T06:10:35Z
Z_22.0_90.5,22.0,90.5,5,0.52,179.6,1e-06,1,0.0,0.4,0.7,0.9,2.9,10.0,28.4,49.7,0.497,0.496,1,854.0,4.2,0.5605,56.0,HIGH,2026-09-10T06:09:21Z,2026-09-10T06:10:35Z
Z_22.0_91.0,22.0,91.0,0,0.52,179.6,1e-06,1,0.0,0.2,0.2,0.4,1.3,17.5,36.0,55.2,0.0,0.0,1,816.4,4.2,0.1473,14.7,LOW,2026-09-10T06:09:21Z,2026-09-10T06:10:35Z
Z_22.0_91.5,22.0,91.5,0,0.52,182.6,1e-06,6,0.3265,0.2,0.2,1.0,2.7,9.1,26.5,60.5,0.0,0.0,1,780.3,4.2,0.1815,18.2,LOW,2026-09-10T06:09:21Z,2026-09-10T06:10:35Z
Z_22.0_92.0,22.0,92.0,36,0.66,222.2,1e-06,5,0.1429,0.0,0.0,3.2,11.1,11.2,30.2,58.5,0.418,0.422,1,745.9,4.2,0.5646,56.5,HIGH,2026-09-10T06:09:21Z,2026-09-10T06:10:35Z
Z_22.0_92.5,22.0,92.5,677,0.79,251.9,-1e-06,1,0.0204,0.0,0.0,0.8,9.0,9.0,39.1,84.7,0.418,0.422,1,713.5,4.2,0.576,57.6,HIGH,2026-09-10T06:09:21Z,2026-09-10T06:10:35Z
Z_22.0_93.0,22.0,93.0,1196,0.98,300.3,-1e-06,0,0.0,0.1,0.1,0.2,22.2,22.5,69.7,112.5,0.42,0.424,1,683.2,4.2,0.6734,67.3,HIGH,2026-09-10T06:09:21Z,2026-09-10T06:10:35Z
Z_22.0_93.5,22.0,93.5,1971,1.87,16.4,-5e-06,2,0.0,0.0,0.0,0.1,5.0,9.1,23.1,81.2,0.413,0.417,1,655.4,4.2,0.5677,56.8,HIGH,2026-09-10T06:09:21Z,2026-09-10T06:10:35Z
Z_22.0_94.0,22.0,94.0,386,1.14,95.3,2e-06,1,0.0,0.4,0.4,0.5,5.5,9.6,30.4,54.0,0.419,0.421,1,630.5,4.2,0.5297,53.0,HIGH,2026-09-10T06:09:21Z,2026-09-10T06:10:35Z
Z_22.0_94.5,22.0,94.5,231,0.31,148.4,0.0,0,0.0,3.8,4.9,5.0,6.9,11.8,79.3,97.1,0.516,0.502,1,608.7,4.2,0.641,64.1,HIGH,2026-09-10T06:09:21Z,2026-09-10T06:10:35Z
Z_22.0_95.0,22.0,95.0,139,0.4,167.1,1e-06,1,0.0,2.0,5.8,6.0,12.8,19.1,78.7,100.6,0.505,0.515,1,590.5,4.2,0.676,67.6,HIGH,2026-09-10T06:09:21Z,2026-09-10T06:10:35Z
Z_22.0_95.5,22.0,95.5,95,0.42,179.9,1e-06,1,0.0204,1.9,5.2,5.2,6.4,10.8,79.4,99.9,0.512,0.51,1,576.1,4.2,0.6459,64.6,HIGH,2026-09-10T06:09:21Z,2026-09-10T06:10:35Z
Z_22.0_96.0,22.0,96.0,138,0.81,236.4,2e-06,1,0.0204,0.1,0.9,3.8,7.4,11.3,43.9,61.8,0.507,0.509,1,566.0,4.2,0.5903,59.0,HIGH,2026-09-10T06:09:21Z,2026-09-10T06:10:35Z
Z_22.0_96.5,22.0,96.5,1128,0.64,333.4,-3e-06,0,0.0,0.0,1.8,1.9,5.3,9.7,30.8,79.4,0.502,0.499,1,560.2,4.2,0.6069,60.7,HIGH,2026-09-10T06:09:21Z,2026-09-10T06:10:35Z
Z_22.0_97.0,22.0,97.0,577,0.41,29.2,1e-06,0,0.0,0.1,0.1,0.1,4.7,10.9,43.4,70.6,0.496,0.505,1,558.9,4.2,0.5963,59.6,HIGH,2026-09-10T06:09:21Z,2026-09-10T06:10:35Z
Z_22.0_97.5,22.0,97.5,824,0.33,8.7,-1e-06,0,0.0,0.0,0.0,0.0,1.8,2.2,29.5,49.8,0.476,0.485,1,562.2,4.2,0.5285,52.8,HIGH,2026-09-10T06:09:21Z,2026-09-10T06:10:35Z
Z_22.5_88.0,22.5,88.0,5,0.32,87.0,1e-06,5,0.0204,0.0,0.1,0.3,13.5,14.5,39.7,70.4,0.414,0.425,1,1028.3,4.2,0.5669,56.7,HIGH,2026-09-10T06:09:21Z,2026-09-10T06:10:35Z
Z_22.5_88.5,22.5,88.5,4,0.01,3.6,0.0,1,0.0,0.0,0.0,0.4,12.4,15.0,46.2,93.2,0.496,0.506,1,984.6,4.2,0.6456,64.6,HIGH,2026-09-10T06:09:21Z,2026-09-10T06:10:35Z
Z_22.5_89.0,22.5,89.0,4,0.01,348.2,0.0,1,0.0204,0.1,0.1,0.4,10.7,12.5,22.1,58.8,0.498,0.508,1,941.6,4.2,0.5851,58.5,HIGH,2026-09-10T06:09:21Z,2026-09-10T06:10:35Z
Z_22.5_89.5,22.5,89.5,6,0.0,39.8,-0.0,1,0.0,0.3,0.3,1.5,11.5,13.5,26.5,57.3,0.502,0.51,1,899.4,4.2,0.5829,58.3,HIGH,2026-09-10T06:09:21Z,2026-09-10T06:10:35Z
Z_22.5_90.0,22.5,90.0,0,0.0,118.1,0.0,1,0.0,0.6,0.6,0.7,15.2,19.2,67.6,119.5,0.418,0.424,1,858.0,4.2,0.6624,66.2,HIGH,2026-09-10T06:09:21Z,2026-09-10T06:10:35Z
Z_22.5_90.5,22.5,90.5,3,0.0,180.0,-0.0,5,0.0,0.0,1.9,2.1,8.3,14.5,42.6,88.8,0.425,0.427,1,817.7,4.2,0.6044,60.4,HIGH,2026-09-10T06:09:21Z,2026-09-10T06:10:35Z
Z_22.5_91.0,22.5,91.0,0,0.01,345.0,0.0,1,0.0,0.4,0.4,0.6,0.9,8.3,18.1,52.9,0.0,0.0,1,778.6,4.2,0.104,10.4,LOW,2026-09-10T06:09:21Z,2026-09-10T06:10:35Z
Z_22.5_91.5,22.5,91.5,6,0.02,285.8,0.0,1,0.1429,0.0,0.1,0.5,2.2,5.2,14.9,42.8,0.358,0.363,1,740.8,4.2,0.4343,43.4,MODERATE,2026-09-10T06:09:21Z,2026-09-10T06:10:35Z
Z_22.5_92.0,22.5,92.0,34,0.17,276.7,0.0,1,0.1837,0.3,0.5,0.8,13.3,14.9,37.6,63.3,0.419,0.419,1,704.6,4.2,0.5922,59.2,HIGH,2026-09-10T06:09:21Z,2026-09-10T06:10:35Z
Z_22.5_92.5,22.5,92.5,263,0.83,227.1,1e-06,0,0.0408,0.0,0.0,0.9,6.8,6.8,43.3,91.1,0.415,0.417,1,670.2,4.2,0.5775,57.8,HIGH,2026-09-10T06:09:21Z,2026-09-10T06:10:35Z
Z_22.5_93.0,22.5,93.0,972,1.28,266.4,1e-06,1,0.0,0.0,0.0,0.0,7.6,7.6,45.1,98.6,0.415,0.419,1,638.0,4.2,0.588,58.8,HIGH,2026-09-10T06:09:21Z,2026-09-10T06:10:35Z
Z_22.5_93.5,22.5,93.5,2221,0.37,85.0,-5e-06,0,0.0408,0.2,0.2,0.4,6.5,15.9,33.0,84.8,0.418,0.422,1,608.3,4.2,0.6043,60.4,HIGH,2026-09-10T06:09:21Z,2026-09-10T06:10:35Z
Z_22.5_94.0,22.5,94.0,400,1.31,101.0,2e-06,0,0.0,1.1,1.2,1.7,3.9,14.1,43.9,57.7,0.511,0.505,1,581.5,4.2,0.5944,59.4,HIGH,2026-09-10T06:09:21Z,2026-09-10T06:10:35Z
Z_22.5_94.5,22.5,94.5,249,0.18,87.0,0.0,2,0.0,0.3,0.8,1.2,5.0,11.8,55.8,80.6,0.504,0.508,1,557.9,4.2,0.6142,61.4,HIGH,2026-09-10T06:09:21Z,2026-09-10T06:10:35Z
Z_22.5_95.0,22.5,95.0,129,0.19,32.5,0.0,6,0.0,2.7,2.7,4.3,5.7,16.9,57.1,87.2,0.51,0.504,1,538.0,4.2,0.6447,64.5,HIGH,2026-09-10T06:09:21Z,2026-09-10T06:10:35Z
Z_22.5_95.5,22.5,95.5,93,0.05,49.5,0.0,5,0.0,1.1,6.8,10.6,12.1,17.8,39.7,64.8,0.509,0.517,1,522.3,4.2,0.612,61.2,HIGH,2026-09-10T06:09:21Z,2026-09-10T06:10:35Z
Z_22.5_96.0,22.5,96.0,71,0.62,270.3,2e-06,1,0.0204,1.3,2.5,2.9,5.1,12.1,35.9,57.9,0.512,0.501,1,511.1,4.2,0.586,58.6,HIGH,2026-09-10T06:09:21Z,2026-09-10T06:10:35Z
Z_22.5_96.5,22.5,96.5,1047,0.69,313.5,-1e-06,0,0.0204,0.0,0.0,0.0,3.5,6.2,27.7,48.5,0.493,0.497,1,504.7,4.2,0.5484,54.8,HIGH,2026-09-10T06:09:21Z,2026-09-10T06:10:35Z
Z_22.5_97.0,22.5,97.0,840,0.43,20.4,0.0,1,0.0204,0.0,0.0,0.0,1.2,8.3,33.1,49.8,0.485,0.496,1,503.3,4.2,0.557,55.7,HIGH,2026-09-10T06:09:21Z,2026-09-10T06:10:35Z
Z_22.5_97.5,22.5,97.5,815,0.24,113.4,-0.0,0,0.0,5.2,5.2,5.2,6.1,10.5,51.9,65.6,0.52,0.502,1,507.0,4.2,0.5856,58.6,HIGH,2026-09-10T06:09:21Z,2026-09-10T06:10:35Z
Z_23.0_88.0,23.0,88.0,19,0.32,85.9,1e-06,1,0.0,0.0,0.0,0.3,7.6,10.0,24.1,55.8,0.397,0.373,1,1000.7,4.2,0.5002,50.0,HIGH,2026-09-10T06:09:21Z,2026-09-10T06:10:35Z
Z_23.0_88.5,23.0,88.5,11,0.01,28.7,0.0,1,0.0,0.0,0.0,0.4,7.4,8.6,19.1,67.1,0.411,0.414,1,956.0,4.2,0.5287,52.9,HIGH,2026-09-10T06:09:21Z,2026-09-10T06:10:35Z
Z_23.0_89.0,23.0,89.0,12,0.01,35.5,-0.0,1,0.0,0.0,0.0,2.2,11.6,12.0,23.7,89.7,0.415,0.422,1,911.8,4.2,0.5831,58.3,HIGH,2026-09-10T06:09:21Z,2026-09-10T06:10:35Z
Z_23.0_89.5,23.0,89.5,3,0.01,68.2,0.0,6,0.0,0.7,0.7,1.4,8.2,9.0,23.7,59.0,0.412,0.394,1,868.3,4.2,0.5186,51.9,HIGH,2026-09-10T06:09:21Z,2026-09-10T06:10:35Z
Z_23.0_90.0,23.0,90.0,4,0.01,5.1,-0.0,1,0.0,0.4,0.4,0.5,8.3,10.5,24.6,59.8,0.409,0.404,1,825.5,4.2,0.522,52.2,HIGH,2026-09-10T06:09:21Z,2026-09-10T06:10:35Z
Z_23.0_90.5,23.0,90.5,2,0.0,328.0,0.0,5,0.0,0.6,0.6,0.6,2.9,8.6,28.5,77.7,0.405,0.404,1,783.7,4.2,0.5375,53.8,HIGH,2026-09-10T06:09:21Z,2026-09-10T06:10:35Z
Z_23.0_91.0,23.0,91.0,7,0.01,344.5,-0.0,1,0.0204,4.6,4.6,4.8,6.3,16.2,27.2,52.9,0.439,0.417,1,742.9,4.2,0.5761,57.6,HIGH,2026-09-10T06:09:21Z,2026-09-10T06:10:35Z
Z_23.0_91.5,23.0,91.5,6,0.05,319.4,0.0,1,0.0204,1.7,1.7,2.2,11.4,14.1,28.6,58.9,0.512,0.489,1,703.4,4.2,0.5918,59.2,HIGH,2026-09-10T06:09:21Z,2026-09-10T06:10:35Z
Z_23.0_92.0,23.0,92.0,55,0.11,308.9,0.0,1,0.0,1.8,2.1,2.4,8.2,9.1,26.1,60.6,0.421,0.394,1,665.3,4.2,0.5338,53.4,HIGH,2026-09-10T06:09:21Z,2026-09-10T06:10:35Z
Z_23.0_92.5,23.0,92.5,133,0.86,306.2,2e-06,1,0.0612,0.6,0.6,1.5,7.9,7.9,32.3,81.2,0.425,0.422,1,629.0,4.2,0.583,58.3,HIGH,2026-09-10T06:09:21Z,2026-09-10T06:10:35Z
Z_23.0_93.0,23.0,93.0,1118,1.24,258.6,-1e-06,2,0.0204,0.0,0.0,0.7,6.4,6.9,36.2,76.3,0.416,0.419,1,594.7,4.2,0.5547,55.5,HIGH,2026-09-10T06:09:21Z,2026-09-10T06:10:35Z
Z_23.0_93.5,23.0,93.5,2002,1.04,142.6,-4e-06,1,0.0204,0.0,0.0,0.1,0.9,2.3,11.3,60.7,0.4,0.405,1,562.8,4.2,0.4898,49.0,MODERATE,2026-09-10T06:09:21Z,2026-09-10T06:10:35Z
Z_23.0_94.0,23.0,94.0,147,1.17,100.5,3e-06,6,0.0204,1.1,2.2,2.7,4.2,12.4,44.7,50.8,0.401,0.376,1,533.8,4.2,0.5162,51.6,HIGH,2026-09-10T06:09:21Z,2026-09-10T06:10:35Z
Z_23.0_94.5,23.0,94.5,240,0.1,290.0,0.0,2,0.0,1.7,1.8,2.7,5.5,17.7,66.4,97.7,0.519,0.507,1,508.1,4.2,0.6639,66.4,HIGH,2026-09-10T06:09:21Z,2026-09-10T06:10:35Z
Z_23.0_95.0,23.0,95.0,292,0.31,13.9,-0.0,1,0.0,2.4,2.4,6.8,8.2,13.3,52.6,72.9,0.519,0.508,1,486.3,4.2,0.6087,60.9,HIGH,2026-09-10T06:09:21Z,2026-09-10T06:10:35Z
Z_23.0_95.5,23.0,95.5,126,0.13,49.0,0.0,6,0.0,2.9,3.1,6.5,7.5,11.2,34.5,52.9,0.512,0.509,1,468.9,4.2,0.5676,56.8,HIGH,2026-09-10T06:09:21Z,2026-09-10T06:10:35Z
Z_23.0_96.0,23.0,96.0,141,0.95,270.5,2e-06,1,0.0,0.0,0.0,1.8,3.6,9.2,34.4,48.1,0.49,0.476,1,456.4,4.2,0.5576,55.8,HIGH,2026-09-10T06:09:21Z,2026-09-10T06:10:35Z
Z_23.0_96.5,23.0,96.5,1584,1.04,211.0,-5e-06,0,0.0,0.3,0.3,0.8,2.2,7.3,38.3,91.3,0.483,0.493,1,449.3,4.2,0.6189,61.9,HIGH,2026-09-10T06:09:21Z,2026-09-10T06:10:35Z
Z_23.0_97.0,23.0,97.0,967,0.78,134.4,-1e-06,0,0.0,0.5,0.5,0.5,4.7,6.2,39.6,68.9,0.497,0.498,1,447.8,4.2,0.5774,57.7,HIGH,2026-09-10T06:09:21Z,2026-09-10T06:10:35Z
Z_23.0_97.5,23.0,97.5,732,0.48,39.7,1e-06,0,0.0,4.5,4.5,4.5,5.1,9.8,56.8,76.7,0.515,0.498,1,451.9,4.2,0.602,60.2,HIGH,2026-09-10T06:09:21Z,2026-09-10T06:10:35Z
Z_23.5_88.0,23.5,88.0,27,0.32,88.9,1e-06,1,0.0204,0.0,0.0,2.3,9.9,13.0,28.9,52.8,0.408,0.402,1,975.5,4.2,0.5252,52.5,HIGH,2026-09-10T06:09:21Z,2026-09-10T06:10:35Z
Z_23.5_88.5,23.5,88.5,12,0.01,55.0,0.0,1,0.0,0.0,0.0,0.6,17.1,17.5,27.1,62.2,0.412,0.413,1,929.7,4.2,0.5574,55.7,HIGH,2026-09-10T06:09:21Z,2026-09-10T06:10:35Z
Z_23.5_89.0,23.5,89.0,11,0.0,68.2,0.0,5,0.0,0.0,0.0,0.2,7.1,7.5,23.1,62.6,0.411,0.415,1,884.4,4.2,0.5172,51.7,HIGH,2026-09-10T06:09:21Z,2026-09-10T06:10:35Z
Z_23.5_89.5,23.5,89.5,8,0.01,14.0,0.0,1,0.0,0.0,0.0,0.5,4.8,9.3,37.4,74.6,0.404,0.398,1,839.7,4.2,0.5341,53.4,HIGH,2026-09-10T06:09:21Z,2026-09-10T06:10:35Z
Z_23.5_90.0,23.5,90.0,7,0.0,17.4,-0.0,1,0.0204,0.0,0.0,0.3,9.2,20.8,43.8,93.7,0.415,0.422,1,795.6,4.2,0.6277,62.8,HIGH,2026-09-10T06:09:21Z,2026-09-10T06:10:35Z
Z_23.5_90.5,23.5,90.5,6,0.0,337.4,-0.0,1,0.0204,0.6,0.6,0.8,9.5,24.0,41.4,93.0,0.419,0.424,1,752.2,4.2,0.6444,64.4,HIGH,2026-09-10T06:09:21Z,2026-09-10T06:10:35Z
Z_23.5_91.0,23.5,91.0,9,0.02,272.6,0.0,1,0.0,3.3,3.3,3.5,9.0,13.6,27.0,72.5,0.43,0.402,1,709.8,4.2,0.5815,58.2,HIGH,2026-09-10T06:09:21Z,2026-09-10T06:10:35Z
Z_23.5_91.5,23.5,91.5,41,0.13,333.0,0.0,5,0.0408,3.3,3.3,3.9,11.7,12.4,35.9,75.8,0.516,0.509,1,668.5,4.2,0.6159,61.6,HIGH,2026-09-10T06:09:21Z,2026-09-10T06:10:35Z
Z_23.5_92.0,23.5,92.0,98,0.46,271.9,1e-06,1,0.0,3.7,3.7,4.6,14.7,15.2,36.5,76.0,0.429,0.428,1,628.5,4.2,0.5951,59.5,HIGH,2026-09-10T06:09:21Z,2026-09-10T06:10:35Z
Z_23.5_92.5,23.5,92.5,750,0.75,326.3,-2e-06,2,0.3878,0.8,0.8,1.6,9.6,9.6,48.5,77.8,0.426,0.424,1,590.1,4.2,0.6437,64.4,HIGH,2026-09-10T06:09:21Z,2026-09-10T06:10:35Z
Z_23.5_93.0,23.5,93.0,737,0.89,209.6,1e-06,1,0.0816,0.1,0.1,0.2,0.7,0.7,43.6,69.2,0.388,0.395,1,553.5,4.2,0.4915,49.2,MODERATE,2026-09-10T06:09:21Z,2026-09-10T06:10:35Z
Z_23.5_93.5,23.5,93.5,1427,1.08,160.9,-2e-06,0,0.0,0.0,0.0,0.0,0.4,0.7,8.2,32.7,0.376,0.386,1,519.2,4.2,0.4049,40.5,MODERATE,2026-09-10T06:09:21Z,2026-09-10T06:10:35Z
Z_23.5_94.0,23.5,94.0,195,1.2,38.5,3e-06,1,0.0816,0.6,1.1,1.1,2.0,11.8,53.4,64.0,0.409,0.408,1,487.8,4.2,0.5563,55.6,HIGH,2026-09-10T06:09:21Z,2026-09-10T06:10:35Z
Z_23.5_94.5,23.5,94.5,282,0.41,339.6,0.0,1,0.0,1.0,1.1,2.1,6.3,15.7,55.8,80.9,0.513,0.507,1,459.6,4.2,0.6315,63.1,HIGH,2026-09-10T06:09:21Z,2026-09-10T06:10:35Z
Z_23.5_95.0,23.5,95.0,417,0.1,47.2,-1e-06,1,0.0,4.4,4.5,7.7,7.8,15.2,37.3,51.9,0.511,0.516,1,435.5,4.2,0.5817,58.2,HIGH,2026-09-10T06:09:21Z,2026-09-10T06:10:35Z
Z_23.5_95.5,23.5,95.5,175,0.32,43.1,0.0,5,0.0,2.1,2.2,3.3,3.5,11.6,53.5,60.0,0.513,0.502,1,416.1,4.2,0.5816,58.2,HIGH,2026-09-10T06:09:21Z,2026-09-10T06:10:35Z
Z_23.5_96.0,23.5,96.0,79,0.02,325.9,0.0,5,0.0,0.1,0.1,0.1,0.3,6.4,28.0,37.5,0.475,0.486,1,402.0,4.2,0.5236,52.4,HIGH,2026-09-10T06:09:21Z,2026-09-10T06:10:35Z
Z_23.5_96.5,23.5,96.5,188,1.55,185.8,2e-06,1,0.0204,0.0,0.0,0.0,0.5,6.8,21.2,40.0,0.481,0.496,1,393.9,4.2,0.5428,54.3,HIGH,2026-09-10T06:09:21Z,2026-09-10T06:10:35Z
Z_23.5_97.0,23.5,97.0,319,1.07,216.6,2e-06,0,0.0,2.5,2.7,2.7,4.6,8.9,36.6,50.7,0.515,0.495,1,392.2,4.2,0.5611,56.1,HIGH,2026-09-10T06:09:21Z,2026-09-10T06:10:35Z
Z_23.5_97.5,23.5,97.5,1167,0.76,351.0,-2e-06,0,0.0,2.4,2.4,2.4,7.0,9.5,34.6,59.9,0.512,0.496,1,396.8,4.2,0.576,57.6,HIGH,2026-09-10T06:09:21Z,2026-09-10T06:10:35Z
Z_24.0_88.0,24.0,88.0,25,0.31,91.0,1e-06,6,0.0,0.0,0.0,3.4,7.2,10.9,23.5,61.1,0.418,0.421,1,952.8,4.2,0.5394,53.9,HIGH,2026-09-10T06:09:21Z,2026-09-10T06:10:35Z
Z_24.0_88.5,24.0,88.5,18,0.01,32.0,0.0,5,0.0,0.0,0.0,1.5,3.2,4.0,14.5,56.9,0.374,0.356,1,906.1,4.2,0.4466,44.7,MODERATE,2026-09-10T06:09:21Z,2026-09-10T06:10:35Z
Z_24.0_89.0,24.0,89.0,13,0.0,72.3,0.0,1,0.0,0.1,0.1,1.1,5.2,5.4,11.6,61.8,0.392,0.381,1,859.7,4.2,0.483,48.3,MODERATE,2026-09-10T06:09:21Z,2026-09-10T06:10:35Z
Z_24.0_89.5,24.0,89.5,13,0.01,27.5,-0.0,1,0.0,0.0,0.0,0.5,3.8,5.8,24.7,47.0,0.393,0.383,1,813.8,4.2,0.4625,46.2,MODERATE,2026-09-10T06:09:21Z,2026-09-10T06:10:35Z
Z_24.0_90.0,24.0,90.0,8,0.02,12.3,0.0,1,0.0,0.0,0.0,0.1,8.5,12.6,23.4,61.9,0.41,0.412,1,768.4,4.2,0.535,53.5,HIGH,2026-09-10T06:09:21Z,2026-09-10T06:10:35Z
Z_24.0_90.5,24.0,90.5,5,0.01,0.0,0.0,1,0.0,0.4,0.4,0.9,8.0,11.0,24.6,55.1,0.499,0.492,1,723.7,4.2,0.5696,57.0,HIGH,2026-09-10T06:09:21Z,2026-09-10T06:10:35Z
Z_24.0_91.0,24.0,91.0,8,0.07,270.8,0.0,5,0.0204,1.9,2.4,3.3,8.8,9.5,39.2,64.2,0.425,0.403,1,679.7,4.2,0.5497,55.0,HIGH,2026-09-10T06:09:21Z,2026-09-10T06:10:35Z
Z_24.0_91.5,24.0,91.5,115,0.05,231.3,-0.0,5,0.102,1.2,3.5,4.4,10.5,11.2,49.1,75.8,0.422,0.415,1,636.6,4.2,0.5856,58.6,HIGH,2026-09-10T06:09:21Z,2026-09-10T06:10:35Z
Z_24.0_92.0,24.0,92.0,70,0.41,257.8,1e-06,6,0.0204,3.0,6.5,6.9,11.0,11.1,49.7,63.3,0.423,0.414,1,594.6,4.2,0.5544,55.4,HIGH,2026-09-10T06:09:21Z,2026-09-10T06:10:35Z
Z_24.0_92.5,24.0,92.5,731,0.73,195.7,-2e-06,0,0.0816,3.0,4.2,6.4,10.6,10.6,50.9,75.2,0.432,0.424,1,554.0,4.2,0.5959,59.6,HIGH,2026-09-10T06:09:21Z,2026-09-10T06:10:35Z
Z_24.0_93.0,24.0,93.0,374,0.4,208.3,2e-06,0,0.102,2.4,2.4,3.6,4.3,4.3,40.7,70.8,0.417,0.405,1,515.0,4.2,0.5462,54.6,HIGH,2026-09-10T06:09:21Z,2026-09-10T06:10:35Z
Z_24.0_93.5,24.0,93.5,1021,1.01,205.8,-1e-06,1,0.0408,0.0,0.0,0.0,0.0,0.1,18.2,52.8,0.385,0.395,1,478.2,4.2,0.4528,45.3,MODERATE,2026-09-10T06:09:21Z,2026-09-10T06:10:35Z
Z_24.0_94.0,24.0,94.0,1048,0.67,23.5,-2e-06,1,0.2041,0.2,0.3,0.4,2.5,6.2,24.8,65.1,0.41,0.414,1,443.9,4.2,0.5559,55.6,HIGH,2026-09-10T06:09:21Z,2026-09-10T06:10:35Z
Z_24.0_94.5,24.0,94.5,613,0.46,102.0,-1e-06,1,0.0,1.3,1.5,1.5,3.3,10.2,33.8,66.5,0.425,0.417,1,412.9,4.2,0.555,55.5,HIGH,2026-09-10T06:09:21Z,2026-09-10T06:10:35Z
Z_24.0_95.0,24.0,95.0,354,0.3,145.2,0.0,1,0.0,2.2,2.4,2.5,3.4,9.4,30.6,40.7,0.515,0.5,1,386.0,4.2,0.5423,54.2,HIGH,2026-09-10T06:09:21Z,2026-09-10T06:10:35Z
Z_24.0_95.5,24.0,95.5,352,0.16,53.5,-1e-06,0,0.0,3.1,3.4,3.6,5.0,6.0,31.8,47.7,0.515,0.484,1,364.1,4.2,0.539,53.9,HIGH,2026-09-10T06:09:21Z,2026-09-10T06:10:35Z
Z_24.0_96.0,24.0,96.0,153,0.31,31.2,0.0,1,0.0,0.0,0.0,0.0,0.1,1.7,16.5,24.8,0.469,0.477,1,348.0,4.2,0.4869,48.7,MODERATE,2026-09-10T06:09:21Z,2026-09-10T06:10:35Z
Z_24.0_96.5,24.0,96.5,102,0.04,169.7,0.0,1,0.0,0.0,0.0,0.0,0.1,6.4,41.8,61.1,0.482,0.495,1,338.7,4.2,0.561,56.1,HIGH,2026-09-10T06:09:21Z,2026-09-10T06:10:35Z
Z_24.0_97.0,24.0,97.0,142,0.98,297.0,3e-06,1,0.0,2.8,2.8,2.8,4.0,9.0,39.1,64.3,0.511,0.494,1,336.6,4.2,0.5824,58.2,HIGH,2026-09-10T06:09:21Z,2026-09-10T06:10:35Z
Z_24.0_97.5,24.0,97.5,1449,0.34,223.1,-4e-06,0,0.0,2.3,2.3,2.3,3.6,4.1,19.2,33.6,0.465,0.465,1,342.0,4.2,0.5104,51.0,HIGH,2026-09-10T06:09:21Z,2026-09-10T06:10:35Z
Z_24.5_88.0,24.5,88.0,22,0.31,89.2,1e-06,1,0.0204,0.0,0.3,2.5,5.4,6.1,10.7,62.0,0.406,0.39,1,932.9,4.2,0.5098,51.0,HIGH,2026-09-10T06:09:21Z,2026-09-10T06:10:35Z
Z_24.5_88.5,24.5,88.5,24,0.01,34.8,-0.0,5,0.0,0.0,0.3,2.6,5.6,7.3,16.5,66.7,0.403,0.383,1,885.3,4.2,0.5125,51.2,HIGH,2026-09-10T06:09:21Z,2026-09-10T06:10:35Z
Z_24.5_89.0,24.5,89.0,12,0.01,38.0,0.0,1,0.0,0.0,0.0,6.9,11.8,12.2,21.1,55.3,0.383,0.291,1,838.0,4.2,0.488,48.8,MODERATE,2026-09-10T06:09:21Z,2026-09-10T06:10:35Z
Z_24.5_89.5,24.5,89.5,14,0.01,298.1,0.0,1,0.0,0.4,0.5,6.1,10.6,11.2,17.1,81.5,0.409,0.391,1,791.1,4.2,0.559,55.9,HIGH,2026-09-10T06:09:21Z,2026-09-10T06:10:35Z
Z_24.5_90.0,24.5,90.0,30,0.01,7.6,-0.0,6,0.0,0.0,0.0,1.6,11.9,13.2,20.8,58.6,0.408,0.396,1,744.5,4.2,0.5294,52.9,HIGH,2026-09-10T06:09:21Z,2026-09-10T06:10:35Z
Z_24.5_90.5,24.5,90.5,11,0.01,64.4,0.0,1,0.0,0.6,0.6,2.8,11.2,12.3,31.6,72.7,0.41,0.387,1,698.4,4.2,0.5507,55.1,HIGH,2026-09-10T06:09:21Z,2026-09-10T06:10:35Z
Z_24.5_91.0,24.5,91.0,10,0.0,168.2,-0.0,1,0.0,0.7,0.8,1.8,5.5,6.5,31.6,73.3,0.416,0.406,1,652.9,4.2,0.5365,53.6,HIGH,2026-09-10T06:09:21Z,2026-09-10T06:10:35Z
Z_24.5_91.5,24.5,91.5,10,0.11,181.7,0.0,5,0.102,0.9,7.6,8.2,8.5,9.3,36.0,65.4,0.424,0.396,1,608.1,4.2,0.5645,56.4,HIGH,2026-09-10T06:09:21Z,2026-09-10T06:10:35Z
Z_24.5_92.0,24.5,92.0,15,0.07,217.0,0.0,1,0.0612,2.9,9.4,10.6,10.8,10.8,45.7,72.8,0.435,0.419,1,564.1,4.2,0.5888,58.9,HIGH,2026-09-10T06:09:21Z,2026-09-10T06:10:35Z
Z_24.5_92.5,24.5,92.5,75,0.76,199.2,1e-06,1,0.1429,1.3,2.9,4.0,4.1,4.1,26.0,55.5,0.416,0.401,1,521.3,4.2,0.5297,53.0,HIGH,2026-09-10T06:09:21Z,2026-09-10T06:10:35Z
Z_24.5_93.0,24.5,93.0,400,0.35,297.7,-0.0,0,0.1837,3.6,4.6,7.2,7.3,7.3,50.0,108.1,0.424,0.42,1,479.9,4.2,0.6405,64.0,HIGH,2026-09-10T06:09:21Z,2026-09-10T06:10:35Z
Z_24.5_93.5,24.5,93.5,556,0.25,271.0,1e-06,0,0.4082,0.0,0.0,0.0,0.4,0.5,13.3,39.5,0.384,0.393,1,440.3,4.2,0.4934,49.3,MODERATE,2026-09-10T06:09:21Z,2026-09-10T06:10:35Z
Z_24.5_94.0,24.5,94.0,781,0.33,133.4,-1e-06,2,0.102,0.0,0.0,0.0,0.0,0.3,5.2,18.6,0.406,0.431,1,403.0,4.2,0.4333,43.3,MODERATE,2026-09-10T06:09:21Z,2026-09-10T06:10:35Z
Z_24.5_94.5,24.5,94.5,190,0.67,35.8,3e-06,5,0.0,0.0,0.0,0.0,0.7,4.2,19.3,33.5,0.386,0.386,1,368.7,4.2,0.4301,43.0,MODERATE,2026-09-10T06:09:21Z,2026-09-10T06:10:35Z
Z_24.5_95.0,24.5,95.0,182,0.24,192.3,0.0,5,0.0,0.0,0.0,0.0,0.5,4.5,29.6,44.1,0.486,0.492,1,338.5,4.2,0.5279,52.8,HIGH,2026-09-10T06:09:21Z,2026-09-10T06:10:35Z
Z_24.5_95.5,24.5,95.5,268,0.2,209.7,-0.0,2,0.0,0.0,0.0,0.0,1.0,1.8,13.2,37.2,0.475,0.483,1,313.3,4.2,0.5061,50.6,HIGH,2026-09-10T06:09:21Z,2026-09-10T06:10:35Z
Z_24.5_96.0,24.5,96.0,337,0.18,25.2,-1e-06,1,0.0,0.0,0.0,0.0,0.0,1.1,26.9,51.1,0.465,0.48,1,294.5,4.2,0.5262,52.6,HIGH,2026-09-10T06:09:21Z,2026-09-10T06:10:35Z
Z_24.5_96.5,24.5,96.5,150,0.29,293.0,1e-06,1,0.0,0.0,0.0,0.0,0.1,8.1,30.1,59.5,0.405,0.411,1,283.5,4.2,0.5116,51.2,HIGH,2026-09-10T06:09:21Z,2026-09-10T06:10:35Z
Z_24.5_97.0,24.5,97.0,748,0.51,272.6,-2e-06,2,0.0,3.6,3.6,3.6,5.5,12.0,23.3,58.7,0.505,0.505,1,281.1,4.2,0.5857,58.6,HIGH,2026-09-10T06:09:21Z,2026-09-10T06:10:35Z
Z_24.5_97.5,24.5,97.5,928,1.34,173.1,-1e-06,0,0.0,8.5,9.2,9.2,12.6,19.8,51.2,63.3,0.517,0.511,1,287.5,4.2,0.6281,62.8,HIGH,2026-09-10T06:09:21Z,2026-09-10T06:10:35Z
Z_25.0_88.0,25.0,88.0,29,0.31,87.9,1e-06,5,0.0204,0.1,1.2,5.3,12.9,13.5,19.3,65.8,0.419,0.413,1,915.9,4.2,0.562,56.2,HIGH,2026-09-10T06:09:21Z,2026-09-10T06:10:35Z
Z_25.0_88.5,25.0,88.5,27,0.01,35.5,-0.0,6,0.0,0.0,0.1,15.3,20.4,21.9,24.2,83.4,0.417,0.416,1,867.6,4.2,0.6147,61.5,HIGH,2026-09-10T06:09:21Z,2026-09-10T06:10:35Z
Z_25.0_89.0,25.0,89.0,21,0.02,13.4,0.0,1,0.0,0.0,0.4,13.2,21.5,21.8,25.8,80.5,0.414,0.403,1,819.5,4.2,0.6059,60.6,HIGH,2026-09-10T06:09:21Z,2026-09-10T06:10:35Z
Z_25.0_89.5,25.0,89.5,19,0.01,356.4,0.0,1,0.0,0.0,0.4,4.8,8.7,8.8,12.5,40.6,0.395,0.35,1,771.6,4.2,0.4669,46.7,MODERATE,2026-09-10T06:09:21Z,2026-09-10T06:10:35Z
Z_25.0_90.0,25.0,90.0,22,0.04,7.0,0.0,1,0.0,0.0,0.2,13.0,18.2,18.5,25.2,78.5,0.41,0.395,1,724.0,4.2,0.5846,58.5,HIGH,2026-09-10T06:09:21Z,2026-09-10T06:10:35Z
Z_25.0_90.5,25.0,90.5,11,0.44,1.4,1e-06,1,0.0408,0.4,0.5,3.8,7.2,7.4,13.3,69.2,0.418,0.415,1,676.7,4.2,0.5465,54.6,HIGH,2026-09-10T06:09:21Z,2026-09-10T06:10:35Z
Z_25.0_91.0,25.0,91.0,5,0.7,0.1,1e-06,5,0.0204,1.5,2.1,4.2,5.2,5.9,22.6,87.8,0.427,0.412,1,629.8,4.2,0.5796,58.0,HIGH,2026-09-10T06:09:21Z,2026-09-10T06:10:35Z
Z_25.0_91.5,25.0,91.5,10,1.71,359.8,2e-06,6,0.1224,1.7,3.4,9.3,10.0,13.3,27.1,82.6,0.432,0.426,1,583.4,4.2,0.6321,63.2,HIGH,2026-09-10T06:09:21Z,2026-09-10T06:10:35Z
Z_25.0_92.0,25.0,92.0,16,1.63,359.3,2e-06,1,0.2245,1.9,5.3,12.6,13.8,13.8,32.8,115.3,0.51,0.51,1,537.7,4.2,0.7269,72.7,HIGH,2026-09-10T06:09:21Z,2026-09-10T06:10:35Z
Z_25.0_92.5,25.0,92.5,39,1.09,342.1,2e-06,1,0.1429,0.5,3.0,6.0,6.1,7.6,24.8,67.3,0.509,0.494,1,492.8,4.2,0.6083,60.8,HIGH,2026-09-10T06:09:21Z,2026-09-10T06:10:35Z
Z_25.0_93.0,25.0,93.0,532,0.69,249.5,-1e-06,0,0.2653,0.5,0.8,1.0,1.2,1.3,19.8,43.4,0.389,0.401,1,448.9,4.2,0.4863,48.6,MODERATE,2026-09-10T06:09:21Z,2026-09-10T06:10:35Z
Z_25.0_93.5,25.0,93.5,1025,0.2,261.2,-2e-06,0,0.1429,0.1,0.1,0.1,0.7,0.7,19.8,57.6,0.383,0.393,1,406.5,4.2,0.4732,47.3,MODERATE,2026-09-10T06:09:21Z,2026-09-10T06:10:35Z
Z_25.0_94.0,25.0,94.0,832,0.77,354.8,1e-06,0,0.551,0.0,0.0,0.0,0.3,1.2,8.9,91.7,0.449,0.462,1,366.0,4.2,0.6917,69.2,HIGH,2026-09-10T06:09:21Z,2026-09-10T06:10:35Z
Z_25.0_94.5,25.0,94.5,1133,1.24,21.6,-3e-06,0,0.0204,0.1,0.1,0.1,1.1,4.9,13.4,37.8,0.397,0.4,1,328.0,4.2,0.4613,46.1,MODERATE,2026-09-10T06:09:21Z,2026-09-10T06:10:35Z
Z_25.0_95.0,25.0,95.0,130,1.5,24.3,3e-06,6,0.0,0.1,0.1,0.1,1.2,3.6,27.2,59.6,0.481,0.48,1,293.7,4.2,0.5582,55.8,HIGH,2026-09-10T06:09:21Z,2026-09-10T06:10:35Z
Z_25.0_95.5,25.0,95.5,182,0.14,240.0,0.0,1,0.0,0.0,0.0,0.0,1.1,5.2,26.0,50.6,0.484,0.483,1,264.4,4.2,0.5467,54.7,HIGH,2026-09-10T06:09:21Z,2026-09-10T06:10:35Z
Z_25.0_96.0,25.0,96.0,310,0.11,189.7,-0.0,0,0.0,0.0,0.0,0.0,0.4,1.2,19.7,30.9,0.471,0.484,1,242.0,4.2,0.5037,50.4,HIGH,2026-09-10T06:09:21Z,2026-09-10T06:10:35Z
Z_25.0_96.5,25.0,96.5,211,0.19,29.9,0.0,1,0.0,0.0,0.0,0.0,2.2,4.0,24.2,39.9,0.396,0.395,1,228.5,4.2,0.4621,46.2,MODERATE,2026-09-10T06:09:21Z,2026-09-10T06:10:35Z
Z_25.0_97.0,25.0,97.0,164,0.18,9.1,2e-06,1,0.0,6.7,6.7,6.7,7.2,16.3,42.7,71.5,0.515,0.509,1,225.5,4.2,0.6308,63.1,HIGH,2026-09-10T06:09:21Z,2026-09-10T06:10:35Z
Z_25.0_97.5,25.0,97.5,167,0.81,195.7,1e-06,6,0.0,4.7,4.7,4.7,4.7,12.8,35.8,83.6,0.428,0.415,1,233.4,4.2,0.6104,61.0,HIGH,2026-09-10T06:09:21Z,2026-09-10T06:10:35Z
Z_25.5_88.0,25.5,88.0,33,0.31,86.5,1e-06,6,0.0,1.4,1.9,4.0,17.5,18.9,23.3,59.2,0.428,0.406,1,902.0,4.2,0.5807,58.1,HIGH,2026-09-10T06:09:21Z,2026-09-10T06:10:35Z
Z_25.5_88.5,25.5,88.5,31,0.03,0.0,0.0,1,0.0,3.2,3.2,6.3,8.6,9.0,11.4,53.1,0.429,0.375,1,853.1,4.2,0.5314,53.1,HIGH,2026-09-10T06:09:21Z,2026-09-10T06:10:35Z
Z_25.5_89.0,25.5,89.0,33,0.03,8.9,-0.0,1,0.0204,5.4,5.7,8.5,15.8,16.1,18.9,59.9,0.427,0.323,1,804.4,4.2,0.5713,57.1,HIGH,2026-09-10T06:09:21Z,2026-09-10T06:10:35Z
Z_25.5_89.5,25.5,89.5,24,0.03,300.5,0.0,1,0.0204,2.5,2.7,7.8,9.5,9.5,16.5,30.5,0.363,0.192,1,755.7,4.2,0.4162,41.6,MODERATE,2026-09-10T06:09:21Z,2026-09-10T06:10:35Z
Z_25.5_90.0,25.5,90.0,71,0.27,273.1,0.0,1,0.1429,2.1,2.2,6.2,7.4,7.4,14.6,23.9,0.205,0.146,1,707.3,4.2,0.2175,21.8,LOW,2026-09-10T06:09:21Z,2026-09-10T06:10:35Z
Z_25.5_90.5,25.5,90.5,437,0.41,282.9,-1e-06,0,0.0204,2.1,2.4,4.6,7.2,7.2,12.9,30.2,0.489,0.455,1,659.0,4.2,0.5216,52.2,HIGH,2026-09-10T06:09:21Z,2026-09-10T06:10:35Z
Z_25.5_91.0,25.5,91.0,686,0.79,273.1,-1e-06,1,0.0612,0.7,1.4,2.4,4.6,5.6,12.3,29.8,0.488,0.462,1,611.0,4.2,0.5244,52.4,HIGH,2026-09-10T06:09:21Z,2026-09-10T06:10:35Z
Z_25.5_91.5,25.5,91.5,1648,0.59,274.1,-6e-06,0,0.2245,0.2,1.0,1.1,3.0,3.3,9.7,32.6,0.471,0.465,1,563.2,4.2,0.548,54.8,HIGH,2026-09-10T06:09:21Z,2026-09-10T06:10:35Z
Z_25.5_92.0,25.5,92.0,1584,0.51,47.8,-4e-06,0,0.0204,0.0,0.3,1.2,3.8,4.0,15.3,33.5,0.47,0.46,1,515.9,4.2,0.5148,51.5,HIGH,2026-09-10T06:09:21Z,2026-09-10T06:10:35Z
Z_25.5_92.5,25.5,92.5,1071,0.93,80.8,-3e-06,0,0.0408,0.0,0.1,0.1,3.0,3.0,12.8,23.3,0.475,0.471,1,469.1,4.2,0.5011,50.1,HIGH,2026-09-10T06:09:21Z,2026-09-10T06:10:35Z
Z_25.5_93.0,25.5,93.0,170,0.59,143.0,2e-06,6,0.0408,0.2,0.2,0.2,1.6,1.6,14.6,20.2,0.408,0.396,1,423.0,4.2,0.4341,43.4,MODERATE,2026-09-10T06:09:21Z,2026-09-10T06:10:35Z
Z_25.5_93.5,25.5,93.5,527,1.16,229.2,1e-06,0,0.2041,0.0,0.0,0.0,4.1,4.1,35.0,89.4,0.493,0.495,1,377.9,4.2,0.6408,64.1,HIGH,2026-09-10T06:09:21Z,2026-09-10T06:10:35Z
Z_25.5_94.0,25.5,94.0,1521,0.51,260.7,-4e-06,0,0.5918,0.0,0.0,0.0,1.3,1.3,8.6,29.6,0.35,0.357,1,334.1,4.2,0.4719,47.2,MODERATE,2026-09-10T06:09:21Z,2026-09-10T06:10:35Z
Z_25.5_94.5,25.5,94.5,1300,0.61,1.5,1e-06,0,0.102,0.0,0.0,0.0,0.3,0.5,6.7,23.7,0.424,0.455,1,292.3,4.2,0.4686,46.9,MODERATE,2026-09-10T06:09:21Z,2026-09-10T06:10:35Z
Z_25.5_95.0,25.5,95.0,1496,1.25,34.9,-4e-06,2,0.0,0.0,0.0,0.0,0.7,1.4,7.9,28.5,0.46,0.466,1,253.3,4.2,0.506,50.6,HIGH,2026-09-10T06:09:21Z,2026-09-10T06:10:35Z
Z_25.5_95.5,25.5,95.5,203,1.25,41.2,3e-06,0,0.0,0.0,0.0,0.0,0.1,0.6,30.9,77.0,0.48,0.492,1,218.8,4.2,0.5858,58.6,HIGH,2026-09-10T06:09:21Z,2026-09-10T06:10:35Z
Z_25.5_96.0,25.5,96.0,231,0.68,354.2,1e-06,1,0.2245,0.0,0.0,0.0,0.5,0.9,31.0,62.2,0.477,0.489,1,191.3,4.2,0.6053,60.5,HIGH,2026-09-10T06:09:21Z,2026-09-10T06:10:35Z
Z_25.5_96.5,25.5,96.5,309,0.82,326.9,1e-06,1,0.0,0.0,0.0,0.0,0.2,7.2,40.0,63.3,0.484,0.496,1,174.0,4.2,0.5955,59.6,HIGH,2026-09-10T06:09:21Z,2026-09-10T06:10:35Z
Z_25.5_97.0,25.5,97.0,919,0.27,17.7,-3e-06,0,0.0204,1.7,1.7,1.8,2.7,8.4,29.1,78.3,0.489,0.491,1,170.0,4.2,0.6246,62.5,HIGH,2026-09-10T06:09:21Z,2026-09-10T06:10:35Z
Z_25.5_97.5,25.5,97.5,182,0.3,64.5,2e-06,5,0.0,0.3,0.3,0.3,0.3,13.1,46.7,108.2,0.483,0.491,1,180.3,4.2,0.6851,68.5,HIGH,2026-09-10T06:09:21Z,2026-09-10T06:10:35Z
Z_26.0_88.0,26.0,88.0,47,0.3,72.6,1e-06,1,0.0,8.9,9.1,9.4,16.8,17.1,21.6,52.1,0.438,0.415,1,891.4,4.2,0.5753,57.5,HIGH,2026-09-10T06:09:21Z,2026-09-10T06:10:35Z
Z_26.0_88.5,26.0,88.5,55,0.06,358.8,-0.0,5,0.0,3.6,3.6,6.8,11.7,12.4,17.5,45.4,0.438,0.398,1,842.1,4.2,0.5445,54.4,HIGH,2026-09-10T06:09:21Z,2026-09-10T06:10:35Z
Z_26.0_89.0,26.0,89.0,49,0.04,20.9,-0.0,5,0.0,0.5,1.8,2.7,4.3,4.5,6.7,41.1,0.399,0.381,1,792.8,4.2,0.456,45.6,MODERATE,2026-09-10T06:09:21Z,2026-09-10T06:10:35Z
Z_26.0_89.5,26.0,89.5,33,0.03,17.4,0.0,1,0.0,0.1,1.6,6.4,7.3,7.4,9.6,42.2,0.407,0.369,1,743.7,4.2,0.4795,47.9,MODERATE,2026-09-10T06:09:21Z,2026-09-10T06:10:35Z
Z_26.0_90.0,26.0,90.0,36,0.05,247.6,0.0,1,0.0,0.1,0.4,5.2,8.8,8.8,13.4,32.0,0.297,0.277,1,694.6,4.2,0.3272,32.7,MODERATE,2026-09-10T06:09:21Z,2026-09-10T06:10:35Z
Z_26.0_90.5,26.0,90.5,99,0.39,181.0,0.0,5,0.0,1.6,2.4,9.1,11.6,11.8,18.0,34.0,0.512,0.479,1,645.6,4.2,0.5419,54.2,HIGH,2026-09-10T06:09:21Z,2026-09-10T06:10:35Z
Z_26.0_91.0,26.0,91.0,46,0.67,177.3,1e-06,1,0.0204,8.1,12.0,20.9,25.1,25.2,38.1,56.8,0.506,0.52,1,596.7,4.2,0.6363,63.6,HIGH,2026-09-10T06:09:21Z,2026-09-10T06:10:35Z
Z_26.0_91.5,26.0,91.5,50,1.67,186.7,3e-06,1,1.0,7.6,9.7,9.7,11.4,11.4,21.3,51.2,0.515,0.5,1,547.9,4.2,0.7564,75.6,CRITICAL,2026-09-10T06:09:21Z,2026-09-10T06:10:35Z
Z_26.0_92.0,26.0,92.0,343,1.59,183.1,1e-06,0,0.0,1.0,1.0,1.0,1.4,1.5,12.5,43.0,0.466,0.478,1,499.4,4.2,0.5233,52.3,HIGH,2026-09-10T06:09:21Z,2026-09-10T06:10:35Z
Z_26.0_92.5,26.0,92.5,182,1.06,170.7,1e-06,1,0.0,0.0,0.0,0.0,0.0,0.0,16.2,69.5,0.462,0.479,1,451.1,4.2,0.5558,55.6,HIGH,2026-09-10T06:09:21Z,2026-09-10T06:10:35Z
Z_26.0_93.0,26.0,93.0,80,0.11,220.9,1e-06,5,0.0,0.0,0.0,0.0,0.1,0.3,8.5,56.6,0.469,0.481,1,403.2,4.2,0.5303,53.0,HIGH,2026-09-10T06:09:21Z,2026-09-10T06:10:35Z
Z_26.0_93.5,26.0,93.5,297,0.44,279.8,1e-06,0,0.0,0.0,0.0,0.0,1.0,2.8,30.4,62.2,0.462,0.463,1,355.7,4.2,0.5511,55.1,HIGH,2026-09-10T06:09:21Z,2026-09-10T06:10:35Z
Z_26.0_94.0,26.0,94.0,753,1.74,212.1,1e-06,0,0.1633,0.0,0.0,0.0,3.7,3.8,33.8,72.3,0.489,0.486,1,309.0,4.2,0.609,60.9,HIGH,2026-09-10T06:09:21Z,2026-09-10T06:10:35Z
Z_26.0_94.5,26.0,94.5,1720,0.65,201.1,-4e-06,0,0.5714,0.0,0.0,0.0,0.0,0.0,8.0,56.7,0.444,0.462,1,263.4,4.2,0.6347,63.5,HIGH,2026-09-10T06:09:21Z,2026-09-10T06:10:35Z
Z_26.0_95.0,26.0,95.0,1113,0.42,102.6,2e-06,1,0.0,0.1,0.1,0.3,7.9,8.8,27.9,33.7,0.366,0.332,1,219.7,4.2,0.4357,43.6,MODERATE,2026-09-10T06:09:21Z,2026-09-10T06:10:35Z
Z_26.0_95.5,26.0,95.5,1084,0.52,11.3,-2e-06,0,0.0,0.0,0.0,0.1,1.1,2.1,16.3,57.7,0.478,0.487,1,179.0,4.2,0.5636,56.4,HIGH,2026-09-10T06:09:21Z,2026-09-10T06:10:35Z
Z_26.0_96.0,26.0,96.0,958,0.34,24.3,-1e-06,1,0.0,0.0,0.0,0.0,2.0,5.1,27.9,95.0,0.493,0.497,1,144.2,4.2,0.6394,63.9,HIGH,2026-09-10T06:09:21Z,2026-09-10T06:10:35Z
Z_26.0_96.5,26.0,96.5,871,0.37,107.6,-2e-06,0,0.0,0.0,0.0,0.0,0.3,8.4,34.3,93.3,0.485,0.498,1,120.3,4.2,0.6543,65.4,HIGH,2026-09-10T06:09:21Z,2026-09-10T06:10:35Z
Z_26.0_97.0,26.0,97.0,413,0.61,141.6,1e-06,2,0.0408,7.1,7.1,7.1,9.0,17.1,39.6,66.3,0.517,0.505,1,114.6,4.2,0.6559,65.6,HIGH,2026-09-10T06:09:21Z,2026-09-10T06:10:35Z
Z_26.0_97.5,26.0,97.5,292,0.38,351.3,1e-06,0,0.0,0.3,0.3,0.3,0.3,2.7,27.5,49.7,0.478,0.484,1,129.3,4.2,0.5614,56.1,HIGH,2026-09-10T06:09:21Z,2026-09-10T06:10:35Z
Z_26.5_88.0,26.5,88.0,120,2.01,7.6,3e-06,1,0.9796,0.4,1.5,1.5,4.8,4.9,9.8,68.7,0.401,0.389,1,884.1,4.2,0.6934,69.3,HIGH,2026-09-10T06:09:21Z,2026-09-10T06:10:35Z
Z_26.5_88.5,26.5,88.5,90,0.75,2.5,1e-06,1,0.0204,0.5,2.1,2.6,5.1,5.3,15.4,68.3,0.405,0.387,1,834.6,4.2,0.5182,51.8,HIGH,2026-09-10T06:09:21Z,2026-09-10T06:10:35Z
Z_26.5_89.0,26.5,89.0,69,1.15,1.3,1e-06,6,0.0612,0.9,4.3,10.4,10.9,11.0,16.4,56.8,0.421,0.394,1,785.1,4.2,0.5532,55.3,HIGH,2026-09-10T06:09:21Z,2026-09-10T06:10:35Z
Z_26.5_89.5,26.5,89.5,50,2.34,0.2,3e-06,6,0.0204,0.9,4.1,6.7,7.9,7.9,11.3,56.8,0.424,0.401,1,735.6,4.2,0.5453,54.5,HIGH,2026-09-10T06:09:21Z,2026-09-10T06:10:35Z
Z_26.5_90.0,26.5,90.0,54,2.07,359.7,3e-06,1,0.0,3.7,11.6,12.2,12.9,12.9,18.2,53.7,0.435,0.407,1,686.2,4.2,0.5689,56.9,HIGH,2026-09-10T06:09:21Z,2026-09-10T06:10:35Z
Z_26.5_90.5,26.5,90.5,64,0.75,0.6,1e-06,5,0.0,3.6,6.7,6.7,8.1,8.1,10.7,46.3,0.51,0.45,1,636.7,4.2,0.549,54.9,HIGH,2026-09-10T06:09:21Z,2026-09-10T06:10:35Z
Z_26.5_91.0,26.5,91.0,42,1.83,0.1,2e-06,5,0.0,2.0,6.4,6.4,7.8,8.0,21.3,31.4,0.417,0.346,1,587.3,4.2,0.4895,48.9,MODERATE,2026-09-10T06:09:21Z,2026-09-10T06:10:35Z
Z_26.5_91.5,26.5,91.5,58,1.61,359.5,2e-06,1,0.0,4.2,8.3,8.3,9.3,9.6,16.2,50.1,0.514,0.465,1,538.0,4.2,0.5667,56.7,HIGH,2026-09-10T06:09:21Z,2026-09-10T06:10:35Z
Z_26.5_92.0,26.5,92.0,64,0.79,359.8,2e-06,1,0.0,16.1,16.1,16.1,16.5,16.7,26.5,49.1,0.519,0.508,1,488.7,4.2,0.5877,58.8,HIGH,2026-09-10T06:09:21Z,2026-09-10T06:10:35Z
Z_26.5_92.5,26.5,92.5,63,0.57,358.5,1e-06,1,0.0204,6.9,6.9,6.9,7.9,8.2,23.6,63.5,0.52,0.487,1,439.4,4.2,0.5791,57.9,HIGH,2026-09-10T06:09:21Z,2026-09-10T06:10:35Z
Z_26.5_93.0,26.5,93.0,87,0.48,312.8,1e-06,1,0.0408,0.0,0.0,0.0,0.4,0.6,9.5,72.0,0.457,0.472,1,390.3,4.2,0.5655,56.6,HIGH,2026-09-10T06:09:21Z,2026-09-10T06:10:35Z
Z_26.5_93.5,26.5,93.5,600,0.38,358.5,-2e-06,0,0.0204,0.0,0.0,0.0,0.0,0.3,16.6,55.2,0.468,0.485,1,341.3,4.2,0.5334,53.3,HIGH,2026-09-10T06:09:21Z,2026-09-10T06:10:35Z
Z_26.5_94.0,26.5,94.0,102,0.7,186.2,2e-06,6,0.0,0.0,0.0,0.0,0.0,0.0,29.9,110.7,0.47,0.485,1,292.5,4.2,0.6197,62.0,HIGH,2026-09-10T06:09:21Z,2026-09-10T06:10:35Z
Z_26.5_94.5,26.5,94.5,716,1.9,206.6,1e-06,0,0.0816,0.0,0.0,0.0,1.6,1.7,31.4,102.1,0.482,0.49,1,244.1,4.2,0.6441,64.4,HIGH,2026-09-10T06:09:21Z,2026-09-10T06:10:35Z
Z_26.5_95.0,26.5,95.0,1407,1.04,179.0,-4e-06,0,0.1224,0.0,0.0,0.0,1.5,1.6,15.0,96.5,0.397,0.403,1,196.2,4.2,0.5768,57.7,HIGH,2026-09-10T06:09:21Z,2026-09-10T06:10:35Z
Z_26.5_95.5,26.5,95.5,688,0.71,126.3,1e-06,0,0.0,0.0,0.0,0.0,0.8,1.3,17.8,56.4,0.445,0.466,1,149.6,4.2,0.5585,55.8,HIGH,2026-09-10T06:09:21Z,2026-09-10T06:10:35Z
Z_26.5_96.0,26.5,96.0,526,0.51,38.4,1e-06,0,0.0,0.0,0.0,0.0,0.1,0.6,9.6,32.2,0.454,0.465,1,105.7,4.2,0.5306,53.1,HIGH,2026-09-10T06:09:21Z,2026-09-10T06:10:35Z
Z_26.5_96.5,26.5,96.5,201,0.65,3.7,3e-06,0,0.0,0.0,0.0,0.0,1.0,1.9,31.5,105.9,0.4,0.405,1,69.9,4.2,0.5948,59.5,HIGH,2026-09-10T06:09:21Z,2026-09-10T06:10:35Z
Z_26.5_97.0,26.5,97.0,462,1.4,350.9,1e-06,0,0.0,1.5,11.2,11.2,11.9,16.3,32.1,72.0,0.512,0.511,1,59.5,4.2,0.6696,67.0,HIGH,2026-09-10T06:09:21Z,2026-09-10T06:10:35Z
Z_26.5_97.5,26.5,97.5,539,0.3,355.3,-0.0,0,0.0,0.0,0.0,0.0,0.0,5.9,20.8,46.4,0.474,0.478,1,84.4,4.2,0.5764,57.6,HIGH,2026-09-10T06:09:21Z,2026-09-10T06:10:35Z
Z_27.0_88.0,27.0,88.0,1961,3.37,356.9,-4e-06,2,0.9388,0.3,1.0,1.5,4.7,5.4,35.5,210.8,0.413,0.413,1,880.2,4.2,0.92,92.0,CRITICAL,2026-09-10T06:09:21Z,2026-09-10T06:10:35Z
Z_27.0_88.5,27.0,88.5,778,1.77,17.2,2e-06,1,0.4898,0.4,3.8,4.3,4.5,4.5,12.2,51.8,0.4,0.386,1,830.7,4.2,0.5739,57.4,HIGH,2026-09-10T06:09:21Z,2026-09-10T06:10:35Z
Z_27.0_89.0,27.0,89.0,1156,4.51,347.5,4e-06,0,0.0,1.4,9.1,12.7,16.9,17.1,50.5,191.4,0.429,0.429,1,781.2,4.2,0.8114,81.1,CRITICAL,2026-09-10T06:09:21Z,2026-09-10T06:10:35Z
Z_27.0_89.5,27.0,89.5,2283,3.84,351.6,-3e-06,0,0.2245,0.1,0.7,3.2,9.9,10.1,42.0,117.6,0.419,0.42,1,731.7,4.2,0.6904,69.0,HIGH,2026-09-10T06:09:21Z,2026-09-10T06:10:35Z
Z_27.0_90.0,27.0,90.0,2022,1.82,31.7,-4e-06,1,0.0612,0.1,1.0,1.4,4.6,4.7,15.8,39.4,0.397,0.396,1,682.2,4.2,0.4742,47.4,MODERATE,2026-09-10T06:09:21Z,2026-09-10T06:10:35Z
Z_27.0_90.5,27.0,90.5,816,1.92,4.3,3e-06,2,0.0408,0.0,0.0,0.5,3.6,3.8,16.5,31.4,0.397,0.397,1,632.6,4.2,0.455,45.5,MODERATE,2026-09-10T06:09:21Z,2026-09-10T06:10:35Z
Z_27.0_91.0,27.0,91.0,1799,4.13,353.0,-1e-06,2,0.0,0.5,1.6,2.6,14.9,15.0,24.6,51.3,0.419,0.416,1,583.1,4.2,0.5663,56.6,HIGH,2026-09-10T06:09:21Z,2026-09-10T06:10:35Z
Z_27.0_91.5,27.0,91.5,1594,2.09,12.5,-2e-06,1,0.0204,0.0,0.2,0.2,5.7,5.8,19.3,54.6,0.404,0.403,1,533.6,4.2,0.506,50.6,HIGH,2026-09-10T06:09:21Z,2026-09-10T06:10:35Z
Z_27.0_92.0,27.0,92.0,1102,4.06,7.9,3e-06,1,0.0408,0.0,0.0,0.0,5.0,5.3,22.7,66.5,0.489,0.486,1,484.1,4.2,0.599,59.9,HIGH,2026-09-10T06:09:21Z,2026-09-10T06:10:35Z
Z_27.0_92.5,27.0,92.5,732,2.28,11.7,1e-06,0,0.0612,0.0,0.0,0.2,1.0,1.2,12.1,46.4,0.476,0.485,1,434.6,4.2,0.543,54.3,HIGH,2026-09-10T06:09:21Z,2026-09-10T06:10:35Z
Z_27.0_93.0,27.0,93.0,391,0.72,3.7,1e-06,0,0.0408,0.0,0.0,0.4,1.7,2.3,12.3,48.4,0.478,0.478,1,385.0,4.2,0.5394,53.9,HIGH,2026-09-10T06:09:21Z,2026-09-10T06:10:35Z
Z_27.0_93.5,27.0,93.5,661,1.11,10.5,0.0,0,0.5102,0.0,0.0,0.0,0.3,0.3,4.7,38.9,0.348,0.369,1,335.5,4.2,0.4692,46.9,MODERATE,2026-09-10T06:09:21Z,2026-09-10T06:10:35Z
Z_27.0_94.0,27.0,94.0,82,1.84,11.7,3e-06,6,0.0612,0.0,0.0,0.0,0.0,0.4,14.4,94.0,0.463,0.477,1,286.0,4.2,0.6146,61.5,HIGH,2026-09-10T06:09:21Z,2026-09-10T06:10:35Z
Z_27.0_94.5,27.0,94.5,89,0.63,182.0,1e-06,5,0.0,0.0,0.0,0.0,0.0,3.7,30.6,119.3,0.476,0.49,1,236.5,4.2,0.6576,65.8,HIGH,2026-09-10T06:09:21Z,2026-09-10T06:10:35Z
Z_27.0_95.0,27.0,95.0,116,1.4,195.9,2e-06,1,0.0,0.0,0.0,0.0,0.0,3.4,16.4,67.3,0.474,0.485,1,186.9,4.2,0.5883,58.8,HIGH,2026-09-10T06:09:21Z,2026-09-10T06:10:35Z
Z_27.0_95.5,27.0,95.5,680,0.99,234.0,-1e-06,0,0.0204,0.0,0.0,0.0,2.5,3.3,27.7,69.1,0.481,0.48,1,137.4,4.2,0.6006,60.1,HIGH,2026-09-10T06:09:21Z,2026-09-10T06:10:35Z
Z_27.0_96.0,27.0,96.0,1342,0.65,235.3,-3e-06,0,0.0,0.0,0.0,0.0,1.3,1.4,10.8,52.3,0.461,0.469,1,87.9,4.2,0.5696,57.0,HIGH,2026-09-10T06:09:21Z,2026-09-10T06:10:35Z
Z_27.0_96.5,27.0,96.5,1495,0.36,313.9,-3e-06,0,0.0,0.0,0.0,0.0,2.6,3.2,8.3,37.0,0.471,0.467,1,38.4,4.2,0.5596,56.0,HIGH,2026-09-10T06:09:21Z,2026-09-10T06:10:35Z
Z_27.0_97.0,27.0,97.0,1738,2.28,15.1,-2e-06,0,0.0,0.2,0.2,0.2,4.2,10.1,32.3,88.0,0.495,0.502,1,11.6,4.2,0.6847,68.5,HIGH,2026-09-10T06:09:21Z,2026-09-10T06:10:35Z
Z_27.0_97.5,27.0,97.5,583,0.83,76.9,2e-06,0,0.0,0.0,0.0,0.0,0.0,2.1,20.3,91.8,0.473,0.484,1,60.8,4.2,0.6408,64.1,HIGH,2026-09-10T06:09:21Z,2026-09-10T06:10:35Z
Z_27.5_88.0,27.5,88.0,3357,4.09,348.8,-5e-06,2,0.0408,0.6,0.7,0.7,2.8,4.4,29.8,118.2,0.406,0.409,1,879.8,4.2,0.6204,62.0,HIGH,2026-09-10T06:09:21Z,2026-09-10T06:10:35Z
Z_27.5_88.5,27.5,88.5,1718,4.78,352.6,9e-06,1,0.2041,1.8,10.0,14.5,17.0,20.4,58.4,255.0,0.427,0.428,1,830.5,4.2,0.874,87.4,CRITICAL,2026-09-10T06:09:21Z,2026-09-10T06:10:35Z
Z_27.5_89.0,27.5,89.0,4301,4.15,341.9,-8e-06,2,0.0,1.9,2.6,3.6,9.2,9.4,22.3,47.0,0.419,0.411,1,781.2,4.2,0.5375,53.8,HIGH,2026-09-10T06:09:21Z,2026-09-10T06:10:35Z
Z_27.5_89.5,27.5,89.5,3704,3.01,36.7,-3e-06,2,0.0612,0.6,0.9,2.0,10.3,11.5,41.3,78.7,0.423,0.422,1,731.9,4.2,0.6046,60.5,HIGH,2026-09-10T06:09:21Z,2026-09-10T06:10:35Z
Z_27.5_90.0,27.5,90.0,1537,2.39,29.4,7e-06,0,0.0,0.9,2.5,3.7,4.5,10.2,19.5,30.9,0.407,0.394,1,682.7,4.2,0.4881,48.8,MODERATE,2026-09-10T06:09:21Z,2026-09-10T06:10:35Z
Z_27.5_90.5,27.5,90.5,1900,5.0,341.4,5e-06,1,0.0408,0.4,1.2,2.1,3.6,4.7,9.8,26.2,0.393,0.386,1,633.4,4.2,0.4654,46.5,MODERATE,2026-09-10T06:09:21Z,2026-09-10T06:10:35Z
Z_27.5_91.0,27.5,91.0,3987,2.49,358.2,-8e-06,4,0.0,0.0,0.3,0.3,5.5,7.1,38.0,124.3,0.409,0.411,1,584.2,4.2,0.6267,62.7,HIGH,2026-09-10T06:09:21Z,2026-09-10T06:10:35Z
Z_27.5_91.5,27.5,91.5,2019,3.55,0.6,9e-06,0,0.1224,0.5,2.5,4.9,6.5,8.9,18.1,30.2,0.411,0.402,1,535.0,4.2,0.5168,51.7,HIGH,2026-09-10T06:09:21Z,2026-09-10T06:10:35Z
Z_27.5_92.0,27.5,92.0,3933,4.02,358.3,-7e-06,4,0.0,0.0,0.0,0.0,1.0,1.6,12.5,52.1,0.397,0.403,1,485.9,4.2,0.4855,48.6,MODERATE,2026-09-10T06:09:21Z,2026-09-10T06:10:35Z
Z_27.5_92.5,27.5,92.5,2205,5.52,21.8,3e-06,0,0.0204,0.1,0.4,1.5,4.7,5.1,19.8,51.4,0.408,0.408,1,436.8,4.2,0.5259,52.6,HIGH,2026-09-10T06:09:21Z,2026-09-10T06:10:35Z
Z_27.5_93.0,27.5,93.0,777,2.77,7.5,6e-06,0,0.0408,0.2,0.2,0.2,0.2,0.3,9.1,42.9,0.371,0.381,1,387.8,4.2,0.4314,43.1,MODERATE,2026-09-10T06:09:21Z,2026-09-10T06:10:35Z
Z_27.5_93.5,27.5,93.5,1645,0.7,257.5,-4e-06,0,0.102,0.0,0.0,0.0,0.1,0.1,27.2,145.7,0.394,0.402,1,338.9,4.2,0.6201,62.0,HIGH,2026-09-10T06:09:21Z,2026-09-10T06:10:35Z
Z_27.5_94.0,27.5,94.0,1830,2.0,30.0,-5e-06,0,0.0612,0.0,0.0,0.1,0.9,1.3,18.2,66.6,0.392,0.398,1,290.2,4.2,0.5002,50.0,HIGH,2026-09-10T06:09:21Z,2026-09-10T06:10:35Z
Z_27.5_94.5,27.5,94.5,111,1.28,61.1,3e-06,5,0.0,0.0,0.0,0.0,0.0,0.6,17.4,115.3,0.362,0.378,1,241.7,4.2,0.5287,52.9,HIGH,2026-09-10T06:09:21Z,2026-09-10T06:10:35Z
Z_27.5_95.0,27.5,95.0,114,0.73,358.9,1e-06,5,0.0204,0.0,0.0,0.0,0.0,14.3,44.6,128.6,0.474,0.492,1,193.8,4.2,0.7261,72.6,HIGH,2026-09-10T06:09:21Z,2026-09-10T06:10:35Z
Z_27.5_95.5,27.5,95.5,132,0.55,184.0,1e-06,5,0.0,0.0,0.0,0.0,0.0,7.8,21.9,60.8,0.473,0.482,1,146.9,4.2,0.597,59.7,HIGH,2026-09-10T06:09:21Z,2026-09-10T06:10:35Z
Z_27.5_96.0,27.5,96.0,173,1.15,190.0,2e-06,5,0.0408,0.0,0.0,0.0,0.5,0.5,9.4,67.5,0.462,0.476,1,102.3,4.2,0.5981,59.8,HIGH,2026-09-10T06:09:21Z,2026-09-10T06:10:35Z
Z_27.5_96.5,27.5,96.5,439,1.63,286.5,6e-06,0,0.0204,0.0,0.0,0.0,1.9,4.7,16.6,53.9,0.479,0.479,1,65.2,4.2,0.5994,59.9,HIGH,2026-09-10T06:09:21Z,2026-09-10T06:10:35Z
Z_27.5_97.0,27.5,97.0,2575,0.79,346.7,-7e-06,2,0.0,0.0,0.0,0.2,4.3,4.5,21.8,59.5,0.405,0.408,1,53.9,4.2,0.5421,54.2,HIGH,2026-09-10T06:09:21Z,2026-09-10T06:10:35Z
Z_27.5_97.5,27.5,97.5,719,3.47,22.9,6e-06,0,0.0,0.0,0.0,0.0,0.0,1.0,29.0,92.0,0.384,0.394,1,80.4,4.2,0.5653,56.5,HIGH,2026-09-10T06:09:21Z,2026-09-10T06:10:35Z
Z_28.0_88.0,28.0,88.0,5818,3.28,286.6,-1.3e-05,2,0.0,0.1,0.2,0.3,2.0,2.1,4.5,9.2,0.357,0.353,1,882.9,4.2,0.3633,36.3,MODERATE,2026-09-10T06:09:21Z,2026-09-10T06:10:35Z
Z_28.0_88.5,28.0,88.5,5337,3.33,9.7,-5e-06,2,0.0,0.7,1.0,1.1,2.6,3.4,9.3,24.8,0.392,0.393,1,834.0,4.2,0.4384,43.8,MODERATE,2026-09-10T06:09:21Z,2026-09-10T06:10:35Z
Z_28.0_89.0,28.0,89.0,4952,0.72,42.1,-1e-06,2,0.0,0.6,0.6,0.7,1.1,1.5,4.5,21.1,0.369,0.372,1,785.2,4.2,0.38,38.0,MODERATE,2026-09-10T06:09:21Z,2026-09-10T06:10:35Z
Z_28.0_89.5,28.0,89.5,4600,1.64,21.6,-1e-06,2,0.0,0.2,0.3,0.3,0.4,0.5,11.6,64.0,0.399,0.404,1,736.4,4.2,0.4869,48.7,MODERATE,2026-09-10T06:09:21Z,2026-09-10T06:10:35Z
Z_28.0_90.0,28.0,90.0,4023,3.6,351.9,1e-06,4,0.0,1.5,1.8,2.0,3.6,7.0,19.8,70.0,0.409,0.405,1,687.7,4.2,0.5478,54.8,HIGH,2026-09-10T06:09:21Z,2026-09-10T06:10:35Z
Z_28.0_90.5,28.0,90.5,5377,3.27,358.1,-8e-06,2,0.0,0.0,0.2,0.3,2.8,2.8,10.0,23.9,0.392,0.399,1,639.0,4.2,0.4343,43.4,MODERATE,2026-09-10T06:09:21Z,2026-09-10T06:10:35Z
Z_28.0_91.0,28.0,91.0,4192,1.51,9.1,4e-06,4,0.0,0.5,0.6,0.6,0.8,5.2,16.2,72.0,0.406,0.408,1,590.5,4.2,0.5262,52.6,HIGH,2026-09-10T06:09:21Z,2026-09-10T06:10:35Z
Z_28.0_91.5,28.0,91.5,5010,3.45,351.7,-5e-06,4,0.0,0.2,0.2,0.2,1.3,1.9,5.2,14.6,0.239,0.243,1,542.1,4.2,0.22,22.0,LOW,2026-09-10T06:09:21Z,2026-09-10T06:10:35Z
Z_28.0_92.0,28.0,92.0,4961,0.78,326.9,-1e-06,4,0.0,0.0,0.0,0.0,3.4,4.2,10.1,21.7,0.395,0.393,1,493.9,4.2,0.4239,42.4,MODERATE,2026-09-10T06:09:21Z,2026-09-10T06:10:35Z
Z_28.0_92.5,28.0,92.5,5668,3.0,24.7,-1e-05,2,0.0,0.0,0.0,0.1,0.4,1.2,7.8,35.4,0.248,0.263,1,446.0,4.2,0.2587,25.9,MODERATE,2026-09-10T06:09:21Z,2026-09-10T06:10:35Z
Z_28.0_93.0,28.0,93.0,3033,5.29,39.3,-1e-06,2,0.0,0.1,0.1,0.1,3.1,4.4,43.3,116.6,0.403,0.407,1,398.3,4.2,0.6144,61.4,HIGH,2026-09-10T06:09:21Z,2026-09-10T06:10:35Z
Z_28.0_93.5,28.0,93.5,515,1.77,28.3,1e-05,0,0.0,0.2,0.2,0.7,4.2,11.4,32.8,69.0,0.408,0.407,1,351.1,4.2,0.5502,55.0,HIGH,2026-09-10T06:09:21Z,2026-09-10T06:10:35Z
Z_28.0_94.0,28.0,94.0,1741,1.08,354.2,-1e-06,0,0.0204,0.1,0.1,0.2,2.4,3.4,22.5,115.8,0.399,0.404,1,304.6,4.2,0.5801,58.0,HIGH,2026-09-10T06:09:21Z,2026-09-10T06:10:35Z
Z_28.0_94.5,28.0,94.5,682,1.4,25.7,2e-06,0,0.0408,0.0,0.0,0.0,1.4,1.4,10.4,47.6,0.381,0.388,1,259.1,4.2,0.4544,45.4,MODERATE,2026-09-10T06:09:21Z,2026-09-10T06:10:35Z
Z_28.0_95.0,28.0,95.0,812,1.36,14.7,-1e-06,0,0.0612,0.0,0.0,0.0,2.7,6.4,20.8,73.2,0.405,0.408,1,215.3,4.2,0.5569,55.7,HIGH,2026-09-10T06:09:21Z,2026-09-10T06:10:35Z
Z_28.0_95.5,28.0,95.5,149,1.99,10.6,3e-06,1,0.0408,0.0,0.0,0.0,0.3,0.6,9.4,81.2,0.456,0.472,1,174.5,4.2,0.6126,61.3,HIGH,2026-09-10T06:09:21Z,2026-09-10T06:10:35Z
Z_28.0_96.0,28.0,96.0,252,4.26,344.1,7e-06,0,0.0,0.0,0.0,0.0,0.0,2.3,17.2,78.5,0.461,0.47,1,139.2,4.2,0.629,62.9,HIGH,2026-09-10T06:09:21Z,2026-09-10T06:10:35Z
Z_28.0_96.5,28.0,96.5,1941,4.09,339.3,-1e-06,0,0.0408,0.3,0.3,0.3,5.2,6.4,19.0,56.8,0.408,0.41,1,114.9,4.2,0.5672,56.7,HIGH,2026-09-10T06:09:21Z,2026-09-10T06:10:35Z
Z_28.0_97.0,28.0,97.0,2477,1.38,233.9,0.0,0,0.0,1.4,1.5,1.6,6.1,6.3,10.2,16.9,0.376,0.362,1,108.9,4.2,0.4384,43.8,MODERATE,2026-09-10T06:09:21Z,2026-09-10T06:10:35Z
Z_28.0_97.5,28.0,97.5,3657,4.14,18.1,-8e-06,2,0.0,0.0,0.0,0.0,1.7,2.6,14.6,68.8,0.406,0.411,1,124.1,4.2,0.5599,56.0,HIGH,2026-09-10T06:09:21Z,2026-09-10T06:10:35Z
Z_28.5_88.0,28.5,88.0,4258,2.94,255.0,-1e-06,4,0.0,0.3,2.7,4.5,10.1,10.9,15.3,22.3,0.39,0.322,1,889.4,4.2,0.459,45.9,MODERATE,2026-09-10T06:09:21Z,2026-09-10T06:10:35Z
Z_28.5_88.5,28.5,88.5,4870,1.37,195.2,-1e-06,2,0.0,0.3,0.5,0.8,1.2,1.2,3.9,24.4,0.327,0.327,1,841.1,4.2,0.3325,33.2,MODERATE,2026-09-10T06:09:21Z,2026-09-10T06:10:35Z
Z_28.5_89.0,28.5,89.0,4811,0.25,232.1,1e-06,2,0.0,0.0,0.0,0.0,0.7,0.8,4.8,27.1,0.361,0.369,1,793.0,4.2,0.3717,37.2,MODERATE,2026-09-10T06:09:21Z,2026-09-10T06:10:35Z
Z_28.5_89.5,28.5,89.5,5172,0.67,188.3,-3e-06,4,0.0,0.0,0.0,0.0,0.5,0.5,3.0,19.4,0.332,0.345,1,744.9,4.2,0.3237,32.4,MODERATE,2026-09-10T06:09:21Z,2026-09-10T06:10:35Z
Z_28.5_90.0,28.5,90.0,4959,1.55,3.2,-0.0,2,0.0,0.1,0.1,1.9,3.0,3.4,8.9,17.6,0.377,0.362,1,697.1,4.2,0.3961,39.6,MODERATE,2026-09-10T06:09:21Z,2026-09-10T06:10:35Z
Z_28.5_90.5,28.5,90.5,5037,1.02,197.3,0.0,4,0.0,0.0,0.1,0.6,0.6,0.6,9.5,21.1,0.0,0.0,1,649.4,4.2,0.03,3.0,LOW,2026-09-10T06:09:21Z,2026-09-10T06:10:35Z
Z_28.5_91.0,28.5,91.0,5423,0.4,335.2,-3e-06,4,0.0,0.0,0.0,0.0,0.2,0.2,2.2,9.3,0.34,0.355,1,601.9,4.2,0.3151,31.5,MODERATE,2026-09-10T06:09:21Z,2026-09-10T06:10:35Z
Z_28.5_91.5,28.5,91.5,5297,0.6,111.1,-2e-06,4,0.0,0.0,0.0,0.1,1.2,1.5,5.8,11.8,0.34,0.34,1,554.7,4.2,0.3255,32.6,MODERATE,2026-09-10T06:09:21Z,2026-09-10T06:10:35Z
Z_28.5_92.0,28.5,92.0,4563,0.59,31.8,3e-06,2,0.0,0.0,0.0,0.3,3.6,4.0,13.6,37.4,0.37,0.346,1,508.0,4.2,0.4144,41.4,MODERATE,2026-09-10T06:09:21Z,2026-09-10T06:10:35Z
Z_28.5_92.5,28.5,92.5,4821,1.69,183.4,-0.0,2,0.0,0.3,0.3,0.4,1.6,2.3,10.0,29.1,0.326,0.325,1,461.7,4.2,0.3451,34.5,MODERATE,2026-09-10T06:09:21Z,2026-09-10T06:10:35Z
Z_28.5_93.0,28.5,93.0,4718,1.38,52.2,-5e-06,4,0.0,0.2,0.3,0.3,1.1,1.2,9.9,36.7,0.383,0.39,1,416.1,4.2,0.4241,42.4,MODERATE,2026-09-10T06:09:21Z,2026-09-10T06:10:35Z
Z_28.5_93.5,28.5,93.5,3146,4.65,15.1,0.0,2,0.0,0.7,0.9,0.9,2.0,2.9,17.6,33.5,0.381,0.383,1,371.4,4.2,0.4446,44.5,MODERATE,2026-09-10T06:09:21Z,2026-09-10T06:10:35Z
Z_28.5_94.0,28.5,94.0,2859,3.23,21.6,-1e-06,4,0.0,0.0,0.0,0.0,1.0,1.6,11.1,33.4,0.379,0.386,1,328.0,4.2,0.4275,42.8,MODERATE,2026-09-10T06:09:21Z,2026-09-10T06:10:35Z
Z_28.5_94.5,28.5,94.5,1320,1.78,32.8,2e-06,0,0.0408,0.0,0.1,0.2,1.6,1.6,71.2,311.7,0.397,0.402,1,286.4,4.2,0.7141,71.4,HIGH,2026-09-10T06:09:21Z,2026-09-10T06:10:35Z
Z_28.5_95.0,28.5,95.0,1380,0.8,325.8,0.0,0,0.0204,0.0,0.0,0.0,0.6,0.6,5.2,40.7,0.374,0.382,1,247.7,4.2,0.4258,42.6,MODERATE,2026-09-10T06:09:21Z,2026-09-10T06:10:35Z
Z_28.5_95.5,28.5,95.5,2009,3.49,329.3,1e-06,0,0.0,0.0,0.0,0.0,5.0,6.1,12.5,41.9,0.405,0.407,1,213.3,4.2,0.5096,51.0,HIGH,2026-09-10T06:09:21Z,2026-09-10T06:10:35Z
Z_28.5_96.0,28.5,96.0,4116,3.91,339.5,-8e-06,4,0.0408,1.1,1.8,1.8,3.9,4.6,22.8,83.4,0.405,0.403,1,185.7,4.2,0.5842,58.4,HIGH,2026-09-10T06:09:21Z,2026-09-10T06:10:35Z
Z_28.5_96.5,28.5,96.5,4116,2.66,34.6,-6e-06,4,0.0,1.5,2.0,2.5,7.4,11.3,25.4,61.5,0.425,0.42,1,168.3,4.2,0.5896,59.0,HIGH,2026-09-10T06:09:21Z,2026-09-10T06:10:35Z
Z_28.5_97.0,28.5,97.0,1794,1.12,347.0,1e-05,0,0.0,0.8,1.3,1.3,2.5,4.3,8.7,18.7,0.366,0.361,1,164.3,4.2,0.4088,40.9,MODERATE,2026-09-10T06:09:21Z,2026-09-10T06:10:35Z
Z_28.5_97.5,28.5,97.5,4505,1.59,31.9,-9e-06,2,0.0,1.6,1.7,1.9,8.2,8.9,26.9,44.4,0.426,0.419,1,174.7,4.2,0.5462,54.6,HIGH,2026-09-10T06:09:21Z,2026-09-10T06:10:35Z
Z_29.0_88.0,29.0,88.0,5088,2.69,300.2,-8e-06,2,0.0,0.2,0.8,2.2,7.0,7.1,9.6,19.3,0.355,0.3,1,899.3,4.2,0.3925,39.2,MODERATE,2026-09-10T06:09:21Z,2026-09-10T06:10:35Z
Z_29.0_88.5,29.0,88.5,4067,0.57,161.1,4e-06,4,0.0,1.8,3.2,3.4,5.7,9.0,20.2,42.4,0.405,0.364,1,851.9,4.2,0.487,48.7,MODERATE,2026-09-10T06:09:21Z,2026-09-10T06:10:35Z
Z_29.0_89.0,29.0,89.0,4805,0.58,6.5,-1e-06,2,0.0,0.0,0.1,0.8,3.8,4.0,8.7,35.3,0.377,0.362,1,804.6,4.2,0.42,42.0,MODERATE,2026-09-10T06:09:21Z,2026-09-10T06:10:35Z
Z_29.0_89.5,29.0,89.5,3966,0.46,276.6,6e-06,2,0.0,0.0,0.0,0.5,3.8,3.9,13.6,37.4,0.324,0.288,1,757.5,4.2,0.3539,35.4,MODERATE,2026-09-10T06:09:21Z,2026-09-10T06:10:35Z
Z_29.0_90.0,29.0,90.0,5512,0.41,229.6,-5e-06,2,0.0,1.0,1.8,5.3,6.5,8.6,21.9,42.0,0.427,0.424,1,710.7,4.2,0.5123,51.2,HIGH,2026-09-10T06:09:21Z,2026-09-10T06:10:35Z
Z_29.0_90.5,29.0,90.5,4445,0.95,41.4,4e-06,4,0.0204,0.3,2.1,2.8,3.2,4.8,9.4,38.7,0.393,0.379,1,664.2,4.2,0.4553,45.5,MODERATE,2026-09-10T06:09:21Z,2026-09-10T06:10:35Z
Z_29.0_91.0,29.0,91.0,4544,1.27,190.6,1e-06,4,0.0,0.0,0.0,0.0,0.5,0.7,5.2,21.8,0.302,0.296,1,618.1,4.2,0.2935,29.4,MODERATE,2026-09-10T06:09:21Z,2026-09-10T06:10:35Z
Z_29.0_91.5,29.0,91.5,4803,0.84,223.8,1e-06,2,0.0,0.0,0.0,0.4,1.7,1.9,10.8,40.5,0.35,0.345,1,572.5,4.2,0.3869,38.7,MODERATE,2026-09-10T06:09:21Z,2026-09-10T06:10:35Z
Z_29.0_92.0,29.0,92.0,5441,0.8,38.2,-4e-06,2,0.0,0.0,0.0,0.1,3.7,3.9,10.7,40.3,0.395,0.392,1,527.5,4.2,0.4522,45.2,MODERATE,2026-09-10T06:09:21Z,2026-09-10T06:10:35Z
Z_29.0_92.5,29.0,92.5,4045,1.18,62.0,4e-06,4,0.0,3.6,4.5,5.9,8.8,9.1,17.0,48.1,0.312,0.268,1,483.3,4.2,0.3805,38.0,MODERATE,2026-09-10T06:09:21Z,2026-09-10T06:10:35Z
Z_29.0_93.0,29.0,93.0,3846,0.63,305.8,4e-06,4,0.0,0.0,0.0,0.0,0.7,0.9,7.3,34.7,0.347,0.358,1,440.2,4.2,0.3685,36.8,MODERATE,2026-09-10T06:09:21Z,2026-09-10T06:10:35Z
Z_29.0_93.5,29.0,93.5,4835,1.82,343.8,-4e-06,2,0.0,0.0,0.0,0.0,1.3,1.3,4.4,13.9,0.272,0.294,1,398.4,4.2,0.2483,24.8,LOW,2026-09-10T06:09:21Z,2026-09-10T06:10:35Z
Z_29.0_94.0,29.0,94.0,4628,2.93,37.1,-5e-06,2,0.0,0.0,0.0,0.0,1.0,1.9,22.5,74.4,0.402,0.408,1,358.5,4.2,0.5211,52.1,HIGH,2026-09-10T06:09:21Z,2026-09-10T06:10:35Z
Z_29.0_94.5,29.0,94.5,2114,3.75,33.5,4e-06,0,0.0,1.5,1.8,1.9,3.1,3.8,39.8,126.1,0.401,0.402,1,321.1,4.2,0.6143,61.4,HIGH,2026-09-10T06:09:21Z,2026-09-10T06:10:35Z
Z_29.0_95.0,29.0,95.0,1446,2.67,347.0,6e-06,0,0.0,2.4,2.5,2.7,3.2,10.1,30.3,106.2,0.409,0.406,1,287.2,4.2,0.6133,61.3,HIGH,2026-09-10T06:09:21Z,2026-09-10T06:10:35Z
Z_29.0_95.5,29.0,95.5,3034,1.6,251.1,-4e-06,4,0.0204,0.0,0.0,0.4,10.3,10.8,29.6,61.6,0.408,0.409,1,258.3,4.2,0.5463,54.6,HIGH,2026-09-10T06:09:21Z,2026-09-10T06:10:35Z
Z_29.0_96.0,29.0,96.0,3778,1.01,220.4,-1e-06,4,0.0,0.0,0.0,0.0,0.6,1.1,4.1,13.2,0.342,0.356,1,236.2,4.2,0.3428,34.3,MODERATE,2026-09-10T06:09:21Z,2026-09-10T06:10:35Z
Z_29.0_96.5,29.0,96.5,4043,0.16,92.6,-1e-06,4,0.0,0.0,0.0,0.0,0.7,2.3,6.1,17.8,0.351,0.363,1,222.8,4.2,0.3633,36.3,MODERATE,2026-09-10T06:09:21Z,2026-09-10T06:10:35Z
Z_29.0_97.0,29.0,97.0,3527,3.73,350.8,3e-06,4,0.0,2.0,2.1,2.1,4.8,10.5,28.2,40.5,0.415,0.396,1,219.8,4.2,0.538,53.8,HIGH,2026-09-10T06:09:21Z,2026-09-10T06:10:35Z
Z_29.0_97.5,29.0,97.5,4957,2.06,72.6,-8e-06,2,0.0,0.1,0.1,0.2,1.7,3.7,7.2,12.2,0.384,0.384,1,227.7,4.2,0.4141,41.4,MODERATE,2026-09-10T06:09:21Z,2026-09-10T06:10:35Z
Z_29.5_88.0,29.5,88.0,5558,5.38,207.7,-1.6e-05,2,0.0,1.1,1.9,2.8,3.8,15.7,21.7,41.7,0.41,0.409,1,912.5,4.2,0.5504,55.0,HIGH,2026-09-10T06:09:21Z,2026-09-10T06:10:35Z
Z_29.5_88.5,29.5,88.5,4353,3.71,178.0,-3e-06,4,0.0,1.4,3.6,5.0,6.2,14.8,23.1,55.6,0.418,0.398,1,866.0,4.2,0.5682,56.8,HIGH,2026-09-10T06:09:21Z,2026-09-10T06:10:35Z
Z_29.5_89.0,29.5,89.0,5361,4.51,187.2,-9e-06,4,0.0,3.9,4.3,5.1,10.9,21.7,36.6,77.2,0.417,0.417,1,819.7,4.2,0.6336,63.4,HIGH,2026-09-10T06:09:21Z,2026-09-10T06:10:35Z
Z_29.5_89.5,29.5,89.5,5223,3.63,173.2,-8e-06,4,0.0,1.1,2.8,2.9,5.3,6.2,14.6,30.0,0.416,0.401,1,773.8,4.2,0.4907,49.1,MODERATE,2026-09-10T06:09:21Z,2026-09-10T06:10:35Z
Z_29.5_90.0,29.5,90.0,4704,5.22,183.6,-2e-06,4,0.0,0.7,1.4,3.0,5.9,7.3,12.8,28.8,0.406,0.386,1,728.3,4.2,0.4906,49.1,MODERATE,2026-09-10T06:09:21Z,2026-09-10T06:10:35Z
Z_29.5_90.5,29.5,90.5,5724,4.11,175.7,-1.2e-05,2,0.0,1.7,2.0,2.8,8.4,9.6,22.2,47.3,0.414,0.415,1,683.2,4.2,0.5321,53.2,HIGH,2026-09-10T06:09:21Z,2026-09-10T06:10:35Z
Z_29.5_91.0,29.5,91.0,4228,4.26,171.1,-2e-06,2,0.0,3.3,7.2,7.5,7.8,8.2,21.5,60.1,0.377,0.304,1,638.7,4.2,0.4999,50.0,MODERATE,2026-09-10T06:09:21Z,2026-09-10T06:10:35Z
Z_29.5_91.5,29.5,91.5,4712,4.51,187.7,-5e-06,4,0.0,0.0,0.0,0.0,1.1,2.1,8.5,27.8,0.317,0.309,1,594.9,4.2,0.3491,34.9,MODERATE,2026-09-10T06:09:21Z,2026-09-10T06:10:35Z
Z_29.5_92.0,29.5,92.0,5164,5.15,184.6,-6e-06,4,0.0,0.4,0.6,0.9,1.9,4.5,8.7,35.7,0.397,0.392,1,552.0,4.2,0.4784,47.8,MODERATE,2026-09-10T06:09:21Z,2026-09-10T06:10:35Z
Z_29.5_92.5,29.5,92.5,5352,3.69,179.1,-9e-06,4,0.0,0.0,0.0,0.2,0.6,0.7,9.5,24.2,0.269,0.277,1,510.1,4.2,0.2754,27.5,MODERATE,2026-09-10T06:09:21Z,2026-09-10T06:10:35Z
Z_29.5_93.0,29.5,93.0,5074,3.5,174.4,-8e-06,4,0.0,0.0,0.0,0.0,1.5,1.5,8.6,24.0,0.386,0.391,1,469.6,4.2,0.4231,42.3,MODERATE,2026-09-10T06:09:21Z,2026-09-10T06:10:35Z
Z_29.5_93.5,29.5,93.5,4826,4.51,180.3,-5e-06,4,0.0,0.0,0.0,0.0,0.9,0.9,9.9,25.1,0.379,0.387,1,430.9,4.2,0.42,42.0,MODERATE,2026-09-10T06:09:21Z,2026-09-10T06:10:35Z
Z_29.5_94.0,29.5,94.0,5108,4.3,175.7,-8e-06,2,0.0,0.0,0.0,0.0,1.6,1.6,10.3,40.1,0.393,0.397,1,394.5,4.2,0.4631,46.3,MODERATE,2026-09-10T06:09:21Z,2026-09-10T06:10:35Z
Z_29.5_94.5,29.5,94.5,4324,1.86,154.5,-8e-06,2,0.0,0.0,0.0,0.0,0.7,0.7,5.2,18.6,0.336,0.354,1,361.0,4.2,0.3361,33.6,MODERATE,2026-09-10T06:09:21Z,2026-09-10T06:10:35Z
Z_29.5_95.0,29.5,95.0,3878,2.08,118.3,-1e-05,2,0.0,0.0,0.0,0.0,0.9,1.1,6.7,25.7,0.378,0.386,1,331.4,4.2,0.4045,40.4,MODERATE,2026-09-10T06:09:21Z,2026-09-10T06:10:35Z
Z_29.5_95.5,29.5,95.5,1509,2.66,172.9,6e-06,0,0.0,3.3,3.3,3.3,3.3,9.2,16.7,25.9,0.396,0.38,1,306.8,4.2,0.4638,46.4,MODERATE,2026-09-10T06:09:21Z,2026-09-10T06:10:35Z
Z_29.5_96.0,29.5,96.0,3374,3.81,206.4,-5e-06,2,0.0,0.0,0.1,0.4,3.6,3.9,9.9,41.0,0.391,0.388,1,288.5,4.2,0.4699,47.0,MODERATE,2026-09-10T06:09:21Z,2026-09-10T06:10:35Z
Z_29.5_96.5,29.5,96.5,4109,3.9,199.1,-4e-06,2,0.0,0.0,0.0,0.0,0.6,0.6,2.0,5.0,0.158,0.204,1,277.7,4.2,0.1022,10.2,LOW,2026-09-10T06:09:21Z,2026-09-10T06:10:35Z
Z_29.5_97.0,29.5,97.0,5338,3.22,191.5,-1.1e-05,2,0.0,0.1,0.1,0.1,0.1,0.1,2.7,5.1,0.364,0.375,1,275.4,4.2,0.3619,36.2,MODERATE,2026-09-10T06:09:21Z,2026-09-10T06:10:35Z
Z_29.5_97.5,29.5,97.5,5098,5.59,145.8,-1.2e-05,2,0.0,0.0,0.0,0.0,0.4,0.4,6.3,11.6,0.369,0.382,1,281.6,4.2,0.3942,39.4,MODERATE,2026-09-10T06:09:21Z,2026-09-10T06:10:35Z
