zone_id,latitude,longitude,elevation,slope,aspect,curvature,data_source
Z_22.0_88.0,22.0,88.0,3,0.61,147.8,1e-06,open-elevation + DEM-derived
Z_22.0_88.5,22.0,88.5,1,0.52,180.2,1e-06,open-elevation + DEM-derived
Z_22.0_89.0,22.0,89.0,6,0.52,179.9,1e-06,open-elevation + DEM-derived
Z_22.0_89.5,22.0,89.5,0,0.51,179.9,1e-06,open-elevation + DEM-derived
Z_22.0_90.0,22.0,90.0,5,0.52,180.4,1e-06,open-elevation + DEM-derived
Z_22.0_90.5,22.0,90.5,5,0.52,179.6,1e-06,open-elevation + DEM-derived
Z_22.0_91.0,22.0,91.0,0,0.52,179.6,1e-06,open-elevation + DEM-derived
Z_22.0_91.5,22.0,91.5,0,0.52,182.6,1e-06,open-elevation + DEM-derived
Z_22.0_92.0,22.0,92.0,36,0.66,222.2,1e-06,open-elevation + DEM-derived
Z_22.0_92.5,22.0,92.5,677,0.79,251.9,-1e-06,open-elevation + DEM-derived
Z_22.0_93.0,22.0,93.0,1196,0.98,300.3,-1e-06,open-elevation + DEM-derived
Z_22.0_93.5,22.0,93.5,1971,1.87,16.4,-5e-06,open-elevation + DEM-derived
Z_22.0_94.0,22.0,94.0,386,1.14,95.3,2e-06,open-elevation + DEM-derived
Z_22.0_94.5,22.0,94.5,231,0.31,148.4,0.0,open-elevation + DEM-derived
Z_22.0_95.0,22.0,95.0,139,0.4,167.1,1e-06,open-elevation + DEM-derived
Z_22.0_95.5,22.0,95.5,95,0.42,179.9,1e-06,open-elevation + DEM-derived
Z_22.0_96.0,22.0,96.0,138,0.81,236.4,2e-06,open-elevation + DEM-derived
Z_22.0_96.5,22.0,96.5,1128,0.64,333.4,-3e-06,open-elevation + DEM-derived
Z_22.0_97.0,22.0,97.0,577,0.41,29.2,1e-06,open-elevation + DEM-derived
Z_22.0_97.5,22.0,97.5,824,0.33,8.7,-1e-06,open-elevation + DEM-derived
Z_22.5_88.0,22.5,88.0,5,0.32,87.0,1e-06,open-elevation + DEM-derived
Z_22.5_88.5,22.5,88.5,4,0.01,3.6,0.0,open-elevation + DEM-derived
Z_22.5_89.0,22.5,89.0,4,0.01,348.2,0.0,open-elevation + DEM-derived
Z_22.5_89.5,22.5,89.5,6,0.0,39.8,-0.0,open-elevation + DEM-derived
Z_22.5_90.0,22.5,90.0,0,0.0,118.1,0.0,open-elevation + DEM-derived
Z_22.5_90.5,22.5,90.5,3,0.0,180.0,-0.0,open-elevation + DEM-derived
Z_22.5_91.0,22.5,91.0,0,0.01,345.0,0.0,open-elevation + DEM-derived
Z_22.5_91.5,22.5,91.5,6,0.02,285.8,0.0,open-elevation + DEM-derived
Z_22.5_92.0,22.5,92.0,34,0.17,276.7,0.0,open-elevation + DEM-derived
Z_22.5_92.5,22.5,92.5,263,0.83,227.1,1e-06,open-elevation + DEM-derived
Z_22.5_93.0,22.5,93.0,972,1.28,266.4,1e-06,open-elevation + DEM-derived
Z_22.5_93.5,22.5,93.5,2221,0.37,85.0,-5e-06,open-elevation + DEM-derived
Z_22.5_94.0,22.5,94.0,400,1.31,101.0,2e-06,open-elevation + DEM-derived
Z_22.5_94.5,22.5,94.5,249,0.18,87.0,0.0,open-elevation + DEM-derived
Z_22.5_95.0,22.5,95.0,129,0.19,32.5,0.0,open-elevation + DEM-derived
Z_22.5_95.5,22.5,95.5,93,0.05,49.5,0.0,open-elevation + DEM-derived
Z_22.5_96.0,22.5,96.0,71,0.62,270.3,2e-06,open-elevation + DEM-derived
Z_22.5_96.5,22.5,96.5,1047,0.69,313.5,-1e-06,open-elevation + DEM-derived
Z_22.5_97.0,22.5,97.0,840,0.43,20.4,0.0,open-elevation + DEM-derived
Z_22.5_97.5,22.5,97.5,815,0.24,113.4,-0.0,open-elevation + DEM-derived
Z_23.0_88.0,23.0,88.0,19,0.32,85.9,1e-06,open-elevation + DEM-derived
Z_23.0_88.5,23.0,88.5,11,0.01,28.7,0.0,open-elevation + DEM-derived
Z_23.0_89.0,23.0,89.0,12,0.01,35.5,-0.0,open-elevation + DEM-derived
Z_23.0_89.5,23.0,89.5,3,0.01,68.2,0.0,open-elevation + DEM-derived
Z_23.0_90.0,23.0,90.0,4,0.01,5.1,-0.0,open-elevation + DEM-derived
Z_23.0_90.5,23.0,90.5,2,0.0,328.0,0.0,open-elevation + DEM-derived
Z_23.0_91.0,23.0,91.0,7,0.01,344.5,-0.0,open-elevation + DEM-derived
Z_23.0_91.5,23.0,91.5,6,0.05,319.4,0.0,open-elevation + DEM-derived
Z_23.0_92.0,23.0,92.0,55,0.11,308.9,0.0,open-elevation + DEM-derived
Z_23.0_92.5,23.0,92.5,133,0.86,306.2,2e-06,open-elevation + DEM-derived
Z_23.0_93.0,23.0,93.0,1118,1.24,258.6,-1e-06,open-elevation + DEM-derived
Z_23.0_93.5,23.0,93.5,2002,1.04,142.6,-4e-06,open-elevation + DEM-derived
Z_23.0_94.0,23.0,94.0,147,1.17,100.5,3e-06,open-elevation + DEM-derived
Z_23.0_94.5,23.0,94.5,240,0.1,290.0,0.0,open-elevation + DEM-derived
Z_23.0_95.0,23.0,95.0,292,0.31,13.9,-0.0,open-elevation + DEM-derived
Z_23.0_95.5,23.0,95.5,126,0.13,49.0,0.0,open-elevation + DEM-derived
Z_23.0_96.0,23.0,96.0,141,0.95,270.5,2e-06,open-elevation + DEM-derived
Z_23.0_96.5,23.0,96.5,1584,1.04,211.0,-5e-06,open-elevation + DEM-derived
Z_23.0_97.0,23.0,97.0,967,0.78,134.4,-1e-06,open-elevation + DEM-derived
Z_23.0_97.5,23.0,97.5,732,0.48,39.7,1e-06,open-elevation + DEM-derived
Z_23.5_88.0,23.5,88.0,27,0.32,88.9,1e-06,open-elevation + DEM-derived
Z_23.5_88.5,23.5,88.5,12,0.01,55.0,0.0,open-elevation + DEM-derived
Z_23.5_89.0,23.5,89.0,11,0.0,68.2,0.0,open-elevation + DEM-derived
Z_23.5_89.5,23.5,89.5,8,0.01,14.0,0.0,open-elevation + DEM-derived
Z_23.5_90.0,23.5,90.0,7,0.0,17.4,-0.0,open-elevation + DEM-derived
Z_23.5_90.5,23.5,90.5,6,0.0,337.4,-0.0,open-elevation + DEM-derived
Z_23.5_91.0,23.5,91.0,9,0.02,272.6,0.0,open-elevation + DEM-derived
Z_23.5_91.5,23.5,91.5,41,0.13,333.0,0.0,open-elevation + DEM-derived
Z_23.5_92.0,23.5,92.0,98,0.46,271.9,1e-06,open-elevation + DEM-derived
Z_23.5_92.5,23.5,92.5,750,0.75,326.3,-2e-06,open-elevation + DEM-derived
Z_23.5_93.0,23.5,93.0,737,0.89,209.6,1e-06,open-elevation + DEM-derived
Z_23.5_93.5,23.5,93.5,1427,1.08,160.9,-2e-06,open-elevation + DEM-derived
Z_23.5_94.0,23.5,94.0,195,1.2,38.5,3e-06,open-elevation + DEM-derived
Z_23.5_94.5,23.5,94.5,282,0.41,339.6,0.0,open-elevation + DEM-derived
Z_23.5_95.0,23.5,95.0,417,0.1,47.2,-1e-06,open-elevation + DEM-derived
Z_23.5_95.5,23.5,95.5,175,0.32,43.1,0.0,open-elevation + DEM-derived
Z_23.5_96.0,23.5,96.0,79,0.02,325.9,0.0,open-elevation + DEM-derived
Z_23.5_96.5,23.5,96.5,188,1.55,185.8,2e-06,open-elevation + DEM-derived
Z_23.5_97.0,23.5,97.0,319,1.07,216.6,2e-06,open-elevation + DEM-derived
Z_23.5_97.5,23.5,97.5,1167,0.76,351.0,-2e-06,open-elevation + DEM-derived
Z_24.0_88.0,24.0,88.0,25,0.31,91.0,1e-06,open-elevation + DEM-derived
Z_24.0_88.5,24.0,88.5,18,0.01,32.0,0.0,open-elevation + DEM-derived
Z_24.0_89.0,24.0,89.0,13,0.0,72.3,0.0,open-elevation + DEM-derived
Z_24.0_89.5,24.0,89.5,13,0.01,27.5,-0.0,open-elevation + DEM-derived
Z_24.0_90.0,24.0,90.0,8,0.02,12.3,0.0,open-elevation + DEM-derived
Z_24.0_90.5,24.0,90.5,5,0.01,0.0,0.0,open-elevation + DEM-derived
Z_24.0_91.0,24.0,91.0,8,0.07,270.8,0.0,open-elevation + DEM-derived
Z_24.0_91.5,24.0,91.5,115,0.05,231.3,-0.0,open-elevation + DEM-derived
Z_24.0_92.0,24.0,92.0,70,0.41,257.8,1e-06,open-elevation + DEM-derived
Z_24.0_92.5,24.0,92.5,731,0.73,195.7,-2e-06,open-elevation + DEM-derived
Z_24.0_93.0,24.0,93.0,374,0.4,208.3,2e-06,open-elevation + DEM-derived
Z_24.0_93.5,24.0,93.5,1021,1.01,205.8,-1e-06,open-elevation + DEM-derived
Z_24.0_94.0,24.0,94.0,1048,0.67,23.5,-2e-06,open-elevation + DEM-derived
Z_24.0_94.5,24.0,94.5,613,0.46,102.0,-1e-06,open-elevation + DEM-derived
Z_24.0_95.0,24.0,95.0,354,0.3,145.2,0.0,open-elevation + DEM-derived
Z_24.0_95.5,24.0,95.5,352,0.16,53.5,-1e-06,open-elevation + DEM-derived
Z_24.0_96.0,24.0,96.0,153,0.31,31.2,0.0,open-elevation + DEM-derived
Z_24.0_96.5,24.0,96.5,102,0.04,169.7,0.0,open-elevation + DEM-derived
Z_24.0_97.0,24.0,97.0,142,0.98,297.0,3e-06,open-elevation + DEM-derived
Z_24.0_97.5,24.0,97.5,1449,0.34,223.1,-4e-06,open-elevation + DEM-derived
Z_24.5_88.0,24.5,88.0,22,0.31,89.2,1e-06,open-elevation + DEM-derived
Z_24.5_88.5,24.5,88.5,24,0.01,34.8,-0.0,open-elevation + DEM-derived
Z_24.5_89.0,24.5,89.0,12,0.01,38.0,0.0,open-elevation + DEM-derived
Z_24.5_89.5,24.5,89.5,14,0.01,298.1,0.0,open-elevation + DEM-derived
Z_24.5_90.0,24.5,90.0,30,0.01,7.6,-0.0,open-elevation + DEM-derived
Z_24.5_90.5,24.5,90.5,11,0.01,64.4,0.0,open-elevation + DEM-derived
Z_24.5_91.0,24.5,91.0,10,0.0,168.2,-0.0,open-elevation + DEM-derived
Z_24.5_91.5,24.5,91.5,10,0.11,181.7,0.0,open-elevation + DEM-derived
Z_24.5_92.0,24.5,92.0,15,0.07,217.0,0.0,open-elevation + DEM-derived
Z_24.5_92.5,24.5,92.5,75,0.76,199.2,1e-06,open-elevation + DEM-derived
Z_24.5_93.0,24.5,93.0,400,0.35,297.7,-0.0,open-elevation + DEM-derived
Z_24.5_93.5,24.5,93.5,556,0.25,271.0,1e-06,open-elevation + DEM-derived
Z_24.5_94.0,24.5,94.0,781,0.33,133.4,-1e-06,open-elevation + DEM-derived
Z_24.5_94.5,24.5,94.5,190,0.67,35.8,3e-06,open-elevation + DEM-derived
Z_24.5_95.0,24.5,95.0,182,0.24,192.3,0.0,open-elevation + DEM-derived
Z_24.5_95.5,24.5,95.5,268,0.2,209.7,-0.0,open-elevation + DEM-derived
Z_24.5_96.0,24.5,96.0,337,0.18,25.2,-1e-06,open-elevation + DEM-derived
Z_24.5_96.5,24.5,96.5,150,0.29,293.0,1e-06,open-elevation + DEM-derived
Z_24.5_97.0,24.5,97.0,748,0.51,272.6,-2e-06,open-elevation + DEM-derived
Z_24.5_97.5,24.5,97.5,928,1.34,173.1,-1e-06,open-elevation + DEM-derived
Z_25.0_88.0,25.0,88.0,29,0.31,87.9,1e-06,open-elevation + DEM-derived
Z_25.0_88.5,25.0,88.5,27,0.01,35.5,-0.0,open-elevation + DEM-derived
Z_25.0_89.0,25.0,89.0,21,0.02,13.4,0.0,open-elevation + DEM-derived
Z_25.0_89.5,25.0,89.5,19,0.01,356.4,0.0,open-elevation + DEM-derived
Z_25.0_90.0,25.0,90.0,22,0.04,7.0,0.0,open-elevation + DEM-derived
Z_25.0_90.5,25.0,90.5,11,0.44,1.4,1e-06,open-elevation + DEM-derived
Z_25.0_91.0,25.0,91.0,5,0.7,0.1,1e-06,open-elevation + DEM-derived
Z_25.0_91.5,25.0,91.5,10,1.71,359.8,2e-06,open-elevation + DEM-derived
Z_25.0_92.0,25.0,92.0,16,1.63,359.3,2e-06,open-elevation + DEM-derived
Z_25.0_92.5,25.0,92.5,39,1.09,342.1,2e-06,open-elevation + DEM-derived
Z_25.0_93.0,25.0,93.0,532,0.69,249.5,-1e-06,open-elevation + DEM-derived
Z_25.0_93.5,25.0,93.5,1025,0.2,261.2,-2e-06,open-elevation + DEM-derived
Z_25.0_94.0,25.0,94.0,832,0.77,354.8,1e-06,open-elevation + DEM-derived
Z_25.0_94.5,25.0,94.5,1133,1.24,21.6,-3e-06,open-elevation + DEM-derived
Z_25.0_95.0,25.0,95.0,130,1.5,24.3,3e-06,open-elevation + DEM-derived
Z_25.0_95.5,25.0,95.5,182,0.14,240.0,0.0,open-elevation + DEM-derived
Z_25.0_96.0,25.0,96.0,310,0.11,189.7,-0.0,open-elevation + DEM-derived
Z_25.0_96.5,25.0,96.5,211,0.19,29.9,0.0,open-elevation + DEM-derived
Z_25.0_97.0,25.0,97.0,164,0.18,9.1,2e-06,open-elevation + DEM-derived
Z_25.0_97.5,25.0,97.5,167,0.81,195.7,1e-06,open-elevation + DEM-derived
Z_25.5_88.0,25.5,88.0,33,0.31,86.5,1e-06,open-elevation + DEM-derived
Z_25.5_88.5,25.5,88.5,31,0.03,0.0,0.0,open-elevation + DEM-derived
Z_25.5_89.0,25.5,89.0,33,0.03,8.9,-0.0,open-elevation + DEM-derived
Z_25.5_89.5,25.5,89.5,24,0.03,300.5,0.0,open-elevation + DEM-derived
Z_25.5_90.0,25.5,90.0,71,0.27,273.1,0.0,open-elevation + DEM-derived
Z_25.5_90.5,25.5,90.5,437,0.41,282.9,-1e-06,open-elevation + DEM-derived
Z_25.5_91.0,25.5,91.0,686,0.79,273.1,-1e-06,open-elevation + DEM-derived
Z_25.5_91.5,25.5,91.5,1648,0.59,274.1,-6e-06,open-elevation + DEM-derived
Z_25.5_92.0,25.5,92.0,1584,0.51,47.8,-4e-06,open-elevation + DEM-derived
Z_25.5_92.5,25.5,92.5,1071,0.93,80.8,-3e-06,open-elevation + DEM-derived
Z_25.5_93.0,25.5,93.0,170,0.59,143.0,2e-06,open-elevation + DEM-derived
Z_25.5_93.5,25.5,93.5,527,1.16,229.2,1e-06,open-elevation + DEM-derived
Z_25.5_94.0,25.5,94.0,1521,0.51,260.7,-4e-06,open-elevation + DEM-derived
Z_25.5_94.5,25.5,94.5,1300,0.61,1.5,1e-06,open-elevation + DEM-derived
Z_25.5_95.0,25.5,95.0,1496,1.25,34.9,-4e-06,open-elevation + DEM-derived
Z_25.5_95.5,25.5,95.5,203,1.25,41.2,3e-06,open-elevation + DEM-derived
Z_25.5_96.0,25.5,96.0,231,0.68,354.2,1e-06,open-elevation + DEM-derived
Z_25.5_96.5,25.5,96.5,309,0.82,326.9,1e-06,open-elevation + DEM-derived
Z_25.5_97.0,25.5,97.0,919,0.27,17.7,-3e-06,open-elevation + DEM-derived
Z_25.5_97.5,25.5,97.5,182,0.3,64.5,2e-06,open-elevation + DEM-derived
Z_26.0_88.0,26.0,88.0,47,0.3,72.6,1e-06,open-elevation + DEM-derived
Z_26.0_88.5,26.0,88.5,55,0.06,358.8,-0.0,open-elevation + DEM-derived
Z_26.0_89.0,26.0,89.0,49,0.04,20.9,-0.0,open-elevation + DEM-derived
Z_26.0_89.5,26.0,89.5,33,0.03,17.4,0.0,open-elevation + DEM-derived
Z_26.0_90.0,26.0,90.0,36,0.05,247.6,0.0,open-elevation + DEM-derived
Z_26.0_90.5,26.0,90.5,99,0.39,181.0,0.0,open-elevation + DEM-derived
Z_26.0_91.0,26.0,91.0,46,0.67,177.3,1e-06,open-elevation + DEM-derived
Z_26.0_91.5,26.0,91.5,50,1.67,186.7,3e-06,open-elevation + DEM-derived
Z_26.0_92.0,26.0,92.0,343,1.59,183.1,1e-06,open-elevation + DEM-derived
Z_26.0_92.5,26.0,92.5,182,1.06,170.7,1e-06,open-elevation + DEM-derived
Z_26.0_93.0,26.0,93.0,80,0.11,220.9,1e-06,open-elevation + DEM-derived
Z_26.0_93.5,26.0,93.5,297,0.44,279.8,1e-06,open-elevation + DEM-derived
Z_26.0_94.0,26.0,94.0,753,1.74,212.1,1e-06,open-elevation + DEM-derived
Z_26.0_94.5,26.0,94.5,1720,0.65,201.1,-4e-06,open-elevation + DEM-derived
Z_26.0_95.0,26.0,95.0,1113,0.42,102.6,2e-06,open-elevation + DEM-derived
Z_26.0_95.5,26.0,95.5,1084,0.52,11.3,-2e-06,open-elevation + DEM-derived
Z_26.0_96.0,26.0,96.0,958,0.34,24.3,-1e-06,open-elevation + DEM-derived
Z_26.0_96.5,26.0,96.5,871,0.37,107.6,-2e-06,open-elevation + DEM-derived
Z_26.0_97.0,26.0,97.0,413,0.61,141.6,1e-06,open-elevation + DEM-derived
Z_26.0_97.5,26.0,97.5,292,0.38,351.3,1e-06,open-elevation + DEM-derived
Z_26.5_88.0,26.5,88.0,120,2.01,7.6,3e-06,open-elevation + DEM-derived
Z_26.5_88.5,26.5,88.5,90,0.75,2.5,1e-06,open-elevation + DEM-derived
Z_26.5_89.0,26.5,89.0,69,1.15,1.3,1e-06,open-elevation + DEM-derived
Z_26.5_89.5,26.5,89.5,50,2.34,0.2,3e-06,open-elevation + DEM-derived
Z_26.5_90.0,26.5,90.0,54,2.07,359.7,3e-06,open-elevation + DEM-derived
Z_26.5_90.5,26.5,90.5,64,0.75,0.6,1e-06,open-elevation + DEM-derived
Z_26.5_91.0,26.5,91.0,42,1.83,0.1,2e-06,open-elevation + DEM-derived
Z_26.5_91.5,26.5,91.5,58,1.61,359.5,2e-06,open-elevation + DEM-derived
Z_26.5_92.0,26.5,92.0,64,0.79,359.8,2e-06,open-elevation + DEM-derived
Z_26.5_92.5,26.5,92.5,63,0.57,358.5,1e-06,open-elevation + DEM-derived
Z_26.5_93.0,26.5,93.0,87,0.48,312.8,1e-06,open-elevation + DEM-derived
Z_26.5_93.5,26.5,93.5,600,0.38,358.5,-2e-06,open-elevation + DEM-derived
Z_26.5_94.0,26.5,94.0,102,0.7,186.2,2e-06,open-elevation + DEM-derived
Z_26.5_94.5,26.5,94.5,716,1.9,206.6,1e-06,open-elevation + DEM-derived
Z_26.5_95.0,26.5,95.0,1407,1.04,179.0,-4e-06,open-elevation + DEM-derived
Z_26.5_95.5,26.5,95.5,688,0.71,126.3,1e-06,open-elevation + DEM-derived
Z_26.5_96.0,26.5,96.0,526,0.51,38.4,1e-06,open-elevation + DEM-derived
Z_26.5_96.5,26.5,96.5,201,0.65,3.7,3e-06,open-elevation + DEM-derived
Z_26.5_97.0,26.5,97.0,462,1.4,350.9,1e-06,open-elevation + DEM-derived
Z_26.5_97.5,26.5,97.5,539,0.3,355.3,-0.0,open-elevation + DEM-derived
Z_27.0_88.0,27.0,88.0,1961,3.37,356.9,-4e-06,open-elevation + DEM-derived
Z_27.0_88.5,27.0,88.5,778,1.77,17.2,2e-06,open-elevation + DEM-derived
Z_27.0_89.0,27.0,89.0,1156,4.51,347.5,4e-06,open-elevation + DEM-derived
Z_27.0_89.5,27.0,89.5,2283,3.84,351.6,-3e-06,open-elevation + DEM-derived
Z_27.0_90.0,27.0,90.0,2022,1.82,31.7,-4e-06,open-elevation + DEM-derived
Z_27.0_90.5,27.0,90.5,816,1.92,4.3,3e-06,open-elevation + DEM-derived
Z_27.0_91.0,27.0,91.0,1799,4.13,353.0,-1e-06,open-elevation + DEM-derived
Z_27.0_91.5,27.0,91.5,1594,2.09,12.5,-2e-06,open-elevation + DEM-derived
Z_27.0_92.0,27.0,92.0,1102,4.06,7.9,3e-06,open-elevation + DEM-derived
Z_27.0_92.5,27.0,92.5,732,2.28,11.7,1e-06,open-elevation + DEM-derived
Z_27.0_93.0,27.0,93.0,391,0.72,3.7,1e-06,open-elevation + DEM-derived
Z_27.0_93.5,27.0,93.5,661,1.11,10.5,0.0,open-elevation + DEM-derived
Z_27.0_94.0,27.0,94.0,82,1.84,11.7,3e-06,open-elevation + DEM-derived
Z_27.0_94.5,27.0,94.5,89,0.63,182.0,1e-06,open-elevation + DEM-derived
Z_27.0_95.0,27.0,95.0,116,1.4,195.9,2e-06,open-elevation + DEM-derived
Z_27.0_95.5,27.0,95.5,680,0.99,234.0,-1e-06,open-elevation + DEM-derived
Z_27.0_96.0,27.0,96.0,1342,0.65,235.3,-3e-06,open-elevation + DEM-derived
Z_27.0_96.5,27.0,96.5,1495,0.36,313.9,-3e-06,open-elevation + DEM-derived
Z_27.0_97.0,27.0,97.0,1738,2.28,15.1,-2e-06,open-elevation + DEM-derived
Z_27.0_97.5,27.0,97.5,583,0.83,76.9,2e-06,open-elevation + DEM-derived
Z_27.5_88.0,27.5,88.0,3357,4.09,348.8,-5e-06,open-elevation + DEM-derived
Z_27.5_88.5,27.5,88.5,1718,4.78,352.6,9e-06,open-elevation + DEM-derived
Z_27.5_89.0,27.5,89.0,4301,4.15,341.9,-8e-06,open-elevation + DEM-derived
Z_27.5_89.5,27.5,89.5,3704,3.01,36.7,-3e-06,open-elevation + DEM-derived
Z_27.5_90.0,27.5,90.0,1537,2.39,29.4,7e-06,open-elevation + DEM-derived
Z_27.5_90.5,27.5,90.5,1900,5.0,341.4,5e-06,open-elevation + DEM-derived
Z_27.5_91.0,27.5,91.0,3987,2.49,358.2,-8e-06,open-elevation + DEM-derived
Z_27.5_91.5,27.5,91.5,2019,3.55,0.6,9e-06,open-elevation + DEM-derived
Z_27.5_92.0,27.5,92.0,3933,4.02,358.3,-7e-06,open-elevation + DEM-derived
Z_27.5_92.5,27.5,92.5,2205,5.52,21.8,3e-06,open-elevation + DEM-derived
Z_27.5_93.0,27.5,93.0,777,2.77,7.5,6e-06,open-elevation + DEM-derived
Z_27.5_93.5,27.5,93.5,1645,0.7,257.5,-4e-06,open-elevation + DEM-derived
Z_27.5_94.0,27.5,94.0,1830,2.0,30.0,-5e-06,open-elevation + DEM-derived
Z_27.5_94.5,27.5,94.5,111,1.28,61.1,3e-06,open-elevation + DEM-derived
Z_27.5_95.0,27.5,95.0,114,0.73,358.9,1e-06,open-elevation + DEM-derived
Z_27.5_95.5,27.5,95.5,132,0.55,184.0,1e-06,open-elevation + DEM-derived
Z_27.5_96.0,27.5,96.0,173,1.15,190.0,2e-06,open-elevation + DEM-derived
Z_27.5_96.5,27.5,96.5,439,1.63,286.5,6e-06,open-elevation + DEM-derived
Z_27.5_97.0,27.5,97.0,2575,0.79,346.7,-7e-06,open-elevation + DEM-derived
Z_27.5_97.5,27.5,97.5,719,3.47,22.9,6e-06,open-elevation + DEM-derived
Z_28.0_88.0,28.0,88.0,5818,3.28,286.6,-1.3e-05,open-elevation + DEM-derived
Z_28.0_88.5,28.0,88.5,5337,3.33,9.7,-5e-06,open-elevation + DEM-derived
Z_28.0_89.0,28.0,89.0,4952,0.72,42.1,-1e-06,open-elevation + DEM-derived
Z_28.0_89.5,28.0,89.5,4600,1.64,21.6,-1e-06,open-elevation + DEM-derived
Z_28.0_90.0,28.0,90.0,4023,3.6,351.9,1e-06,open-elevation + DEM-derived
Z_28.0_90.5,28.0,90.5,5377,3.27,358.1,-8e-06,open-elevation + DEM-derived
Z_28.0_91.0,28.0,91.0,4192,1.51,9.1,4e-06,open-elevation + DEM-derived
Z_28.0_91.5,28.0,91.5,5010,3.45,351.7,-5e-06,open-elevation + DEM-derived
Z_28.0_92.0,28.0,92.0,4961,0.78,326.9,-1e-06,open-elevation + DEM-derived
Z_28.0_92.5,28.0,92.5,5668,3.0,24.7,-1e-05,open-elevation + DEM-derived
Z_28.0_93.0,28.0,93.0,3033,5.29,39.3,-1e-06,open-elevation + DEM-derived
Z_28.0_93.5,28.0,93.5,515,1.77,28.3,1e-05,open-elevation + DEM-derived
Z_28.0_94.0,28.0,94.0,1741,1.08,354.2,-1e-06,open-elevation + DEM-derived
Z_28.0_94.5,28.0,94.5,682,1.4,25.7,2e-06,open-elevation + DEM-derived
Z_28.0_95.0,28.0,95.0,812,1.36,14.7,-1e-06,open-elevation + DEM-derived
Z_28.0_95.5,28.0,95.5,149,1.99,10.6,3e-06,open-elevation + DEM-derived
Z_28.0_96.0,28.0,96.0,252,4.26,344.1,7e-06,open-elevation + DEM-derived
Z_28.0_96.5,28.0,96.5,1941,4.09,339.3,-1e-06,open-elevation + DEM-derived
Z_28.0_97.0,28.0,97.0,2477,1.38,233.9,0.0,open-elevation + DEM-derived
Z_28.0_97.5,28.0,97.5,3657,4.14,18.1,-8e-06,open-elevation + DEM-derived
Z_28.5_88.0,28.5,88.0,4258,2.94,255.0,-1e-06,open-elevation + DEM-derived
Z_28.5_88.5,28.5,88.5,4870,1.37,195.2,-1e-06,open-elevation + DEM-derived
Z_28.5_89.0,28.5,89.0,4811,0.25,232.1,1e-06,open-elevation + DEM-derived
Z_28.5_89.5,28.5,89.5,5172,0.67,188.3,-3e-06,open-elevation + DEM-derived
Z_28.5_90.0,28.5,90.0,4959,1.55,3.2,-0.0,open-elevation + DEM-derived
Z_28.5_90.5,28.5,90.5,5037,1.02,197.3,0.0,open-elevation + DEM-derived
Z_28.5_91.0,28.5,91.0,5423,0.4,335.2,-3e-06,open-elevation + DEM-derived
Z_28.5_91.5,28.5,91.5,5297,0.6,111.1,-2e-06,open-elevation + DEM-derived
Z_28.5_92.0,28.5,92.0,4563,0.59,31.8,3e-06,open-elevation + DEM-derived
Z_28.5_92.5,28.5,92.5,4821,1.69,183.4,-0.0,open-elevation + DEM-derived
Z_28.5_93.0,28.5,93.0,4718,1.38,52.2,-5e-06,open-elevation + DEM-derived
Z_28.5_93.5,28.5,93.5,3146,4.65,15.1,0.0,open-elevation + DEM-derived
Z_28.5_94.0,28.5,94.0,2859,3.23,21.6,-1e-06,open-elevation + DEM-derived
Z_28.5_94.5,28.5,94.5,1320,1.78,32.8,2e-06,open-elevation + DEM-derived
Z_28.5_95.0,28.5,95.0,1380,0.8,325.8,0.0,open-elevation + DEM-derived
Z_28.5_95.5,28.5,95.5,2009,3.49,329.3,1e-06,open-elevation + DEM-derived
Z_28.5_96.0,28.5,96.0,4116,3.91,339.5,-8e-06,open-elevation + DEM-derived
Z_28.5_96.5,28.5,96.5,4116,2.66,34.6,-6e-06,open-elevation + DEM-derived
Z_28.5_97.0,28.5,97.0,1794,1.12,347.0,1e-05,open-elevation + DEM-derived
Z_28.5_97.5,28.5,97.5,4505,1.59,31.9,-9e-06,open-elevation + DEM-derived
Z_29.0_88.0,29.0,88.0,5088,2.69,300.2,-8e-06,open-elevation + DEM-derived
Z_29.0_88.5,29.0,88.5,4067,0.57,161.1,4e-06,open-elevation + DEM-derived
Z_29.0_89.0,29.0,89.0,4805,0.58,6.5,-1e-06,open-elevation + DEM-derived
Z_29.0_89.5,29.0,89.5,3966,0.46,276.6,6e-06,open-elevation + DEM-derived
Z_29.0_90.0,29.0,90.0,5512,0.41,229.6,-5e-06,open-elevation + DEM-derived
Z_29.0_90.5,29.0,90.5,4445,0.95,41.4,4e-06,open-elevation + DEM-derived
Z_29.0_91.0,29.0,91.0,4544,1.27,190.6,1e-06,open-elevation + DEM-derived
Z_29.0_91.5,29.0,91.5,4803,0.84,223.8,1e-06,open-elevation + DEM-derived
Z_29.0_92.0,29.0,92.0,5441,0.8,38.2,-4e-06,open-elevation + DEM-derived
Z_29.0_92.5,29.0,92.5,4045,1.18,62.0,4e-06,open-elevation + DEM-derived
Z_29.0_93.0,29.0,93.0,3846,0.63,305.8,4e-06,open-elevation + DEM-derived
Z_29.0_93.5,29.0,93.5,4835,1.82,343.8,-4e-06,open-elevation + DEM-derived
Z_29.0_94.0,29.0,94.0,4628,2.93,37.1,-5e-06,open-elevation + DEM-derived
Z_29.0_94.5,29.0,94.5,2114,3.75,33.5,4e-06,open-elevation + DEM-derived
Z_29.0_95.0,29.0,95.0,1446,2.67,347.0,6e-06,open-elevation + DEM-derived
Z_29.0_95.5,29.0,95.5,3034,1.6,251.1,-4e-06,open-elevation + DEM-derived
Z_29.0_96.0,29.0,96.0,3778,1.01,220.4,-1e-06,open-elevation + DEM-derived
Z_29.0_96.5,29.0,96.5,4043,0.16,92.6,-1e-06,open-elevation + DEM-derived
Z_29.0_97.0,29.0,97.0,3527,3.73,350.8,3e-06,open-elevation + DEM-derived
Z_29.0_97.5,29.0,97.5,4957,2.06,72.6,-8e-06,open-elevation + DEM-derived
Z_29.5_88.0,29.5,88.0,5558,5.38,207.7,-1.6e-05,open-elevation + DEM-derived
Z_29.5_88.5,29.5,88.5,4353,3.71,178.0,-3e-06,open-elevation + DEM-derived
Z_29.5_89.0,29.5,89.0,5361,4.51,187.2,-9e-06,open-elevation + DEM-derived
Z_29.5_89.5,29.5,89.5,5223,3.63,173.2,-8e-06,open-elevation + DEM-derived
Z_29.5_90.0,29.5,90.0,4704,5.22,183.6,-2e-06,open-elevation + DEM-derived
Z_29.5_90.5,29.5,90.5,5724,4.11,175.7,-1.2e-05,open-elevation + DEM-derived
Z_29.5_91.0,29.5,91.0,4228,4.26,171.1,-2e-06,open-elevation + DEM-derived
Z_29.5_91.5,29.5,91.5,4712,4.51,187.7,-5e-06,open-elevation + DEM-derived
Z_29.5_92.0,29.5,92.0,5164,5.15,184.6,-6e-06,open-elevation + DEM-derived
Z_29.5_92.5,29.5,92.5,5352,3.69,179.1,-9e-06,open-elevation + DEM-derived
Z_29.5_93.0,29.5,93.0,5074,3.5,174.4,-8e-06,open-elevation + DEM-derived
Z_29.5_93.5,29.5,93.5,4826,4.51,180.3,-5e-06,open-elevation + DEM-derived
Z_29.5_94.0,29.5,94.0,5108,4.3,175.7,-8e-06,open-elevation + DEM-derived
Z_29.5_94.5,29.5,94.5,4324,1.86,154.5,-8e-06,open-elevation + DEM-derived
Z_29.5_95.0,29.5,95.0,3878,2.08,118.3,-1e-05,open-elevation + DEM-derived
Z_29.5_95.5,29.5,95.5,1509,2.66,172.9,6e-06,open-elevation + DEM-derived
Z_29.5_96.0,29.5,96.0,3374,3.81,206.4,-5e-06,open-elevation + DEM-derived
Z_29.5_96.5,29.5,96.5,4109,3.9,199.1,-4e-06,open-elevation + DEM-derived
Z_29.5_97.0,29.5,97.0,5338,3.22,191.5,-1.1e-05,open-elevation + DEM-derived
Z_29.5_97.5,29.5,97.5,5098,5.59,145.8,-1.2e-05,open-elevation + DEM-derived
