zone_id,latitude,longitude,soil_moisture_0_7cm,soil_moisture_7_28cm,fetched_at,data_source
Z_22.0_90.0,22.0,90.0,0.486,0.477,2026-09-10T06:09:21Z,Open-Meteo forecast (ERA5-seamless)
Z_22.0_88.0,22.0,88.0,0.515,0.506,2026-09-10T06:09:21Z,Open-Meteo forecast (ERA5-seamless)
Z_22.0_91.5,22.0,91.5,0.0,0.0,2026-09-10T06:09:21Z,Open-Meteo forecast (ERA5-seamless)
Z_22.0_89.0,22.0,89.0,0.504,0.504,2026-09-10T06:09:21Z,Open-Meteo forecast (ERA5-seamless)
Z_22.0_92.0,22.0,92.0,0.418,0.422,2026-09-10T06:09:21Z,Open-Meteo forecast (ERA5-seamless)
Z_22.0_91.0,22.0,91.0,0.0,0.0,2026-09-10T06:09:21Z,Open-Meteo forecast (ERA5-seamless)
Z_22.0_90.5,22.0,90.5,0.497,0.496,2026-09-10T06:09:21Z,Open-Meteo forecast (ERA5-seamless)
Z_22.0_89.5,22.0,89.5,0.489,0.493,2026-09-10T06:09:21Z,Open-Meteo forecast (ERA5-seamless)
Z_22.0_88.5,22.0,88.5,0.52,0.507,2026-09-10T06:09:21Z,Open-Meteo forecast (ERA5-seamless)
Z_22.0_92.5,22.0,92.5,0.418,0.422,2026-09-10T06:09:21Z,Open-Meteo forecast (ERA5-seamless)
Z_22.0_93.0,22.0,93.0,0.42,0.424,2026-09-10T06:09:21Z,Open-Meteo forecast (ERA5-seamless)
Z_22.0_93.5,22.0,93.5,0.413,0.417,2026-09-10T06:09:21Z,Open-Meteo forecast (ERA5-seamless)
Z_22.0_95.0,22.0,95.0,0.505,0.515,2026-09-10T06:09:21Z,Open-Meteo forecast (ERA5-seamless)
Z_22.0_94.5,22.0,94.5,0.516,0.502,2026-09-10T06:09:21Z,Open-Meteo forecast (ERA5-seamless)
Z_22.0_96.0,22.0,96.0,0.507,0.509,2026-09-10T06:09:21Z,Open-Meteo forecast (ERA5-seamless)
Z_22.0_95.5,22.0,95.5,0.512,0.51,2026-09-10T06:09:21Z,Open-Meteo forecast (ERA5-seamless)
Z_22.5_89.5,22.5,89.5,0.502,0.51,2026-09-10T06:09:21Z,Open-Meteo forecast (ERA5-seamless)
Z_22.0_97.5,22.0,97.5,0.476,0.485,2026-09-10T06:09:21Z,Open-Meteo forecast (ERA5-seamless)
Z_22.5_88.5,22.5,88.5,0.496,0.506,2026-09-10T06:09:21Z,Open-Meteo forecast (ERA5-seamless)
Z_22.0_94.0,22.0,94.0,0.419,0.421,2026-09-10T06:09:21Z,Open-Meteo forecast (ERA5-seamless)
Z_22.0_97.0,22.0,97.0,0.496,0.505,2026-09-10T06:09:21Z,Open-Meteo forecast (ERA5-seamless)
Z_22.5_89.0,22.5,89.0,0.498,0.508,2026-09-10T06:09:21Z,Open-Meteo forecast (ERA5-seamless)
Z_22.5_88.0,22.5,88.0,0.414,0.425,2026-09-10T06:09:21Z,Open-Meteo forecast (ERA5-seamless)
Z_22.0_96.5,22.0,96.5,0.502,0.499,2026-09-10T06:09:21Z,Open-Meteo forecast (ERA5-seamless)
Z_22.5_90.5,22.5,90.5,0.425,0.427,2026-09-10T06:09:21Z,Open-Meteo forecast (ERA5-seamless)
Z_22.5_90.0,22.5,90.0,0.418,0.424,2026-09-10T06:09:21Z,Open-Meteo forecast (ERA5-seamless)
Z_22.5_92.0,22.5,92.0,0.419,0.419,2026-09-10T06:09:21Z,Open-Meteo forecast (ERA5-seamless)
Z_22.5_91.0,22.5,91.0,0.0,0.0,2026-09-10T06:09:21Z,Open-Meteo forecast (ERA5-seamless)
Z_22.5_91.5,22.5,91.5,0.358,0.363,2026-09-10T06:09:21Z,Open-Meteo forecast (ERA5-seamless)
Z_22.5_93.5,22.5,93.5,0.418,0.422,2026-09-10T06:09:21Z,Open-Meteo forecast (ERA5-seamless)
Z_22.5_92.5,22.5,92.5,0.415,0.417,2026-09-10T06:09:21Z,Open-Meteo forecast (ERA5-seamless)
Z_22.5_94.0,22.5,94.0,0.511,0.505,2026-09-10T06:09:21Z,Open-Meteo forecast (ERA5-seamless)
Z_22.5_93.0,22.5,93.0,0.415,0.419,2026-09-10T06:09:21Z,Open-Meteo forecast (ERA5-seamless)
Z_22.5_95.5,22.5,95.5,0.509,0.517,2026-09-10T06:09:21Z,Open-Meteo forecast (ERA5-seamless)
Z_22.5_95.0,22.5,95.0,0.51,0.504,2026-09-10T06:09:21Z,Open-Meteo forecast (ERA5-seamless)
Z_22.5_94.5,22.5,94.5,0.504,0.508,2026-09-10T06:09:21Z,Open-Meteo forecast (ERA5-seamless)
Z_22.5_96.0,22.5,96.0,0.512,0.501,2026-09-10T06:09:21Z,Open-Meteo forecast (ERA5-seamless)
Z_23.0_88.5,23.0,88.5,0.411,0.414,2026-09-10T06:09:21Z,Open-Meteo forecast (ERA5-seamless)
Z_23.0_88.0,23.0,88.0,0.397,0.373,2026-09-10T06:09:21Z,Open-Meteo forecast (ERA5-seamless)
Z_22.5_97.0,22.5,97.0,0.485,0.496,2026-09-10T06:09:21Z,Open-Meteo forecast (ERA5-seamless)
Z_22.5_97.5,22.5,97.5,0.52,0.502,2026-09-10T06:09:21Z,Open-Meteo forecast (ERA5-seamless)
Z_23.0_89.5,23.0,89.5,0.412,0.394,2026-09-10T06:09:21Z,Open-Meteo forecast (ERA5-seamless)
Z_23.0_90.0,23.0,90.0,0.409,0.404,2026-09-10T06:09:21Z,Open-Meteo forecast (ERA5-seamless)
Z_23.0_89.0,23.0,89.0,0.415,0.422,2026-09-10T06:09:21Z,Open-Meteo forecast (ERA5-seamless)
Z_23.0_91.5,23.0,91.5,0.512,0.489,2026-09-10T06:09:21Z,Open-Meteo forecast (ERA5-seamless)
Z_22.5_96.5,22.5,96.5,0.493,0.497,2026-09-10T06:09:21Z,Open-Meteo forecast (ERA5-seamless)
Z_23.0_90.5,23.0,90.5,0.405,0.404,2026-09-10T06:09:21Z,Open-Meteo forecast (ERA5-seamless)
Z_23.0_91.0,23.0,91.0,0.439,0.417,2026-09-10T06:09:21Z,Open-Meteo forecast (ERA5-seamless)
Z_23.0_92.0,23.0,92.0,0.421,0.394,2026-09-10T06:09:21Z,Open-Meteo forecast (ERA5-seamless)
Z_23.0_92.5,23.0,92.5,0.425,0.422,2026-09-10T06:09:21Z,Open-Meteo forecast (ERA5-seamless)
Z_23.0_93.5,23.0,93.5,0.4,0.405,2026-09-10T06:09:21Z,Open-Meteo forecast (ERA5-seamless)
Z_23.0_94.0,23.0,94.0,0.401,0.376,2026-09-10T06:09:21Z,Open-Meteo forecast (ERA5-seamless)
Z_23.0_94.5,23.0,94.5,0.519,0.507,2026-09-10T06:09:21Z,Open-Meteo forecast (ERA5-seamless)
Z_23.0_95.0,23.0,95.0,0.519,0.508,2026-09-10T06:09:21Z,Open-Meteo forecast (ERA5-seamless)
Z_23.0_96.0,23.0,96.0,0.49,0.476,2026-09-10T06:09:21Z,Open-Meteo forecast (ERA5-seamless)
Z_23.0_95.5,23.0,95.5,0.512,0.509,2026-09-10T06:09:21Z,Open-Meteo forecast (ERA5-seamless)
Z_23.0_96.5,23.0,96.5,0.483,0.493,2026-09-10T06:09:21Z,Open-Meteo forecast (ERA5-seamless)
Z_23.0_93.0,23.0,93.0,0.416,0.419,2026-09-10T06:09:21Z,Open-Meteo forecast (ERA5-seamless)
Z_23.0_97.5,23.0,97.5,0.515,0.498,2026-09-10T06:09:21Z,Open-Meteo forecast (ERA5-seamless)
Z_23.0_97.0,23.0,97.0,0.497,0.498,2026-09-10T06:09:21Z,Open-Meteo forecast (ERA5-seamless)
Z_23.5_88.0,23.5,88.0,0.408,0.402,2026-09-10T06:09:21Z,Open-Meteo forecast (ERA5-seamless)
Z_23.5_88.5,23.5,88.5,0.412,0.413,2026-09-10T06:09:21Z,Open-Meteo forecast (ERA5-seamless)
Z_23.5_89.5,23.5,89.5,0.404,0.398,2026-09-10T06:09:21Z,Open-Meteo forecast (ERA5-seamless)
Z_23.5_90.0,23.5,90.0,0.415,0.422,2026-09-10T06:09:21Z,Open-Meteo forecast (ERA5-seamless)
Z_23.5_89.0,23.5,89.0,0.411,0.415,2026-09-10T06:09:21Z,Open-Meteo forecast (ERA5-seamless)
Z_23.5_90.5,23.5,90.5,0.419,0.424,2026-09-10T06:09:21Z,Open-Meteo forecast (ERA5-seamless)
Z_23.5_92.0,23.5,92.0,0.429,0.428,2026-09-10T06:09:21Z,Open-Meteo forecast (ERA5-seamless)
Z_23.5_93.0,23.5,93.0,0.388,0.395,2026-09-10T06:09:21Z,Open-Meteo forecast (ERA5-seamless)
Z_23.5_93.5,23.5,93.5,0.376,0.386,2026-09-10T06:09:21Z,Open-Meteo forecast (ERA5-seamless)
Z_23.5_91.0,23.5,91.0,0.43,0.402,2026-09-10T06:09:21Z,Open-Meteo forecast (ERA5-seamless)
Z_23.5_92.5,23.5,92.5,0.426,0.424,2026-09-10T06:09:21Z,Open-Meteo forecast (ERA5-seamless)
Z_23.5_91.5,23.5,91.5,0.516,0.509,2026-09-10T06:09:21Z,Open-Meteo forecast (ERA5-seamless)
Z_23.5_94.0,23.5,94.0,0.409,0.408,2026-09-10T06:09:21Z,Open-Meteo forecast (ERA5-seamless)
Z_23.5_95.0,23.5,95.0,0.511,0.516,2026-09-10T06:09:21Z,Open-Meteo forecast (ERA5-seamless)
Z_23.5_94.5,23.5,94.5,0.513,0.507,2026-09-10T06:09:21Z,Open-Meteo forecast (ERA5-seamless)
Z_23.5_95.5,23.5,95.5,0.513,0.502,2026-09-10T06:09:21Z,Open-Meteo forecast (ERA5-seamless)
Z_23.5_96.5,23.5,96.5,0.481,0.496,2026-09-10T06:09:21Z,Open-Meteo forecast (ERA5-seamless)
Z_23.5_96.0,23.5,96.0,0.475,0.486,2026-09-10T06:09:21Z,Open-Meteo forecast (ERA5-seamless)
Z_23.5_97.5,23.5,97.5,0.512,0.496,2026-09-10T06:09:21Z,Open-Meteo forecast (ERA5-seamless)
Z_23.5_97.0,23.5,97.0,0.515,0.495,2026-09-10T06:09:21Z,Open-Meteo forecast (ERA5-seamless)
Z_24.0_88.0,24.0,88.0,0.418,0.421,2026-09-10T06:09:21Z,Open-Meteo forecast (ERA5-seamless)
Z_24.0_89.5,24.0,89.5,0.393,0.383,2026-09-10T06:09:21Z,Open-Meteo forecast (ERA5-seamless)
Z_24.0_88.5,24.0,88.5,0.374,0.356,2026-09-10T06:09:21Z,Open-Meteo forecast (ERA5-seamless)
Z_24.0_89.0,24.0,89.0,0.392,0.381,2026-09-10T06:09:21Z,Open-Meteo forecast (ERA5-seamless)
Z_24.0_90.0,24.0,90.0,0.41,0.412,2026-09-10T06:09:21Z,Open-Meteo forecast (ERA5-seamless)
Z_24.0_91.0,24.0,91.0,0.425,0.403,2026-09-10T06:09:21Z,Open-Meteo forecast (ERA5-seamless)
Z_24.0_90.5,24.0,90.5,0.499,0.492,2026-09-10T06:09:21Z,Open-Meteo forecast (ERA5-seamless)
Z_24.0_92.0,24.0,92.0,0.423,0.414,2026-09-10T06:09:21Z,Open-Meteo forecast (ERA5-seamless)
Z_24.0_91.5,24.0,91.5,0.422,0.415,2026-09-10T06:09:21Z,Open-Meteo forecast (ERA5-seamless)
Z_24.0_92.5,24.0,92.5,0.432,0.424,2026-09-10T06:09:21Z,Open-Meteo forecast (ERA5-seamless)
Z_24.0_93.0,24.0,93.0,0.417,0.405,2026-09-10T06:09:21Z,Open-Meteo forecast (ERA5-seamless)
Z_24.0_93.5,24.0,93.5,0.385,0.395,2026-09-10T06:09:21Z,Open-Meteo forecast (ERA5-seamless)
Z_24.0_95.0,24.0,95.0,0.515,0.5,2026-09-10T06:09:21Z,Open-Meteo forecast (ERA5-seamless)
Z_24.0_94.0,24.0,94.0,0.41,0.414,2026-09-10T06:09:21Z,Open-Meteo forecast (ERA5-seamless)
Z_24.0_94.5,24.0,94.5,0.425,0.417,2026-09-10T06:09:21Z,Open-Meteo forecast (ERA5-seamless)
Z_24.0_95.5,24.0,95.5,0.515,0.484,2026-09-10T06:09:21Z,Open-Meteo forecast (ERA5-seamless)
Z_24.0_96.5,24.0,96.5,0.482,0.495,2026-09-10T06:09:21Z,Open-Meteo forecast (ERA5-seamless)
Z_24.0_96.0,24.0,96.0,0.469,0.477,2026-09-10T06:09:21Z,Open-Meteo forecast (ERA5-seamless)
Z_24.5_88.0,24.5,88.0,0.406,0.39,2026-09-10T06:09:21Z,Open-Meteo forecast (ERA5-seamless)
Z_24.0_97.5,24.0,97.5,0.465,0.465,2026-09-10T06:09:21Z,Open-Meteo forecast (ERA5-seamless)
Z_24.0_97.0,24.0,97.0,0.511,0.494,2026-09-10T06:09:21Z,Open-Meteo forecast (ERA5-seamless)
Z_24.5_88.5,24.5,88.5,0.403,0.383,2026-09-10T06:09:21Z,Open-Meteo forecast (ERA5-seamless)
Z_24.5_89.5,24.5,89.5,0.409,0.391,2026-09-10T06:09:21Z,Open-Meteo forecast (ERA5-seamless)
Z_24.5_89.0,24.5,89.0,0.383,0.291,2026-09-10T06:09:21Z,Open-Meteo forecast (ERA5-seamless)
Z_24.5_91.0,24.5,91.0,0.416,0.406,2026-09-10T06:09:21Z,Open-Meteo forecast (ERA5-seamless)
Z_24.5_90.0,24.5,90.0,0.408,0.396,2026-09-10T06:09:21Z,Open-Meteo forecast (ERA5-seamless)
Z_24.5_91.5,24.5,91.5,0.424,0.396,2026-09-10T06:09:21Z,Open-Meteo forecast (ERA5-seamless)
Z_24.5_90.5,24.5,90.5,0.41,0.387,2026-09-10T06:09:21Z,Open-Meteo forecast (ERA5-seamless)
Z_24.5_93.5,24.5,93.5,0.384,0.393,2026-09-10T06:09:21Z,Open-Meteo forecast (ERA5-seamless)
Z_24.5_93.0,24.5,93.0,0.424,0.42,2026-09-10T06:09:21Z,Open-Meteo forecast (ERA5-seamless)
Z_24.5_92.0,24.5,92.0,0.435,0.419,2026-09-10T06:09:21Z,Open-Meteo forecast (ERA5-seamless)
Z_24.5_94.0,24.5,94.0,0.406,0.431,2026-09-10T06:09:21Z,Open-Meteo forecast (ERA5-seamless)
Z_24.5_92.5,24.5,92.5,0.416,0.401,2026-09-10T06:09:21Z,Open-Meteo forecast (ERA5-seamless)
Z_24.5_95.5,24.5,95.5,0.475,0.483,2026-09-10T06:09:21Z,Open-Meteo forecast (ERA5-seamless)
Z_24.5_94.5,24.5,94.5,0.386,0.386,2026-09-10T06:09:21Z,Open-Meteo forecast (ERA5-seamless)
Z_24.5_95.0,24.5,95.0,0.486,0.492,2026-09-10T06:09:21Z,Open-Meteo forecast (ERA5-seamless)
Z_24.5_96.0,24.5,96.0,0.465,0.48,2026-09-10T06:09:21Z,Open-Meteo forecast (ERA5-seamless)
Z_24.5_97.0,24.5,97.0,0.505,0.505,2026-09-10T06:09:21Z,Open-Meteo forecast (ERA5-seamless)
Z_24.5_96.5,24.5,96.5,0.405,0.411,2026-09-10T06:09:21Z,Open-Meteo forecast (ERA5-seamless)
Z_24.5_97.5,24.5,97.5,0.517,0.511,2026-09-10T06:09:21Z,Open-Meteo forecast (ERA5-seamless)
Z_25.0_88.0,25.0,88.0,0.419,0.413,2026-09-10T06:09:21Z,Open-Meteo forecast (ERA5-seamless)
Z_25.0_89.0,25.0,89.0,0.414,0.403,2026-09-10T06:09:21Z,Open-Meteo forecast (ERA5-seamless)
Z_25.0_88.5,25.0,88.5,0.417,0.416,2026-09-10T06:09:21Z,Open-Meteo forecast (ERA5-seamless)
Z_25.0_90.0,25.0,90.0,0.41,0.395,2026-09-10T06:09:21Z,Open-Meteo forecast (ERA5-seamless)
Z_25.0_91.0,25.0,91.0,0.427,0.412,2026-09-10T06:09:21Z,Open-Meteo forecast (ERA5-seamless)
Z_25.0_89.5,25.0,89.5,0.395,0.35,2026-09-10T06:09:21Z,Open-Meteo forecast (ERA5-seamless)
Z_25.0_91.5,25.0,91.5,0.432,0.426,2026-09-10T06:09:21Z,Open-Meteo forecast (ERA5-seamless)
Z_25.0_90.5,25.0,90.5,0.418,0.415,2026-09-10T06:09:21Z,Open-Meteo forecast (ERA5-seamless)
Z_25.0_92.0,25.0,92.0,0.51,0.51,2026-09-10T06:09:21Z,Open-Meteo forecast (ERA5-seamless)
Z_25.0_92.5,25.0,92.5,0.509,0.494,2026-09-10T06:09:21Z,Open-Meteo forecast (ERA5-seamless)
Z_25.0_93.0,25.0,93.0,0.389,0.401,2026-09-10T06:09:21Z,Open-Meteo forecast (ERA5-seamless)
Z_25.0_93.5,25.0,93.5,0.383,0.393,2026-09-10T06:09:21Z,Open-Meteo forecast (ERA5-seamless)
Z_25.0_94.0,25.0,94.0,0.449,0.462,2026-09-10T06:09:21Z,Open-Meteo forecast (ERA5-seamless)
Z_25.0_95.5,25.0,95.5,0.484,0.483,2026-09-10T06:09:21Z,Open-Meteo forecast (ERA5-seamless)
Z_25.0_94.5,25.0,94.5,0.397,0.4,2026-09-10T06:09:21Z,Open-Meteo forecast (ERA5-seamless)
Z_25.0_95.0,25.0,95.0,0.481,0.48,2026-09-10T06:09:21Z,Open-Meteo forecast (ERA5-seamless)
Z_25.0_96.0,25.0,96.0,0.471,0.484,2026-09-10T06:09:21Z,Open-Meteo forecast (ERA5-seamless)
Z_25.0_96.5,25.0,96.5,0.396,0.395,2026-09-10T06:09:21Z,Open-Meteo forecast (ERA5-seamless)
Z_25.0_97.0,25.0,97.0,0.515,0.509,2026-09-10T06:09:21Z,Open-Meteo forecast (ERA5-seamless)
Z_25.0_97.5,25.0,97.5,0.428,0.415,2026-09-10T06:09:21Z,Open-Meteo forecast (ERA5-seamless)
Z_25.5_88.0,25.5,88.0,0.428,0.406,2026-09-10T06:09:21Z,Open-Meteo forecast (ERA5-seamless)
Z_25.5_89.0,25.5,89.0,0.427,0.323,2026-09-10T06:09:21Z,Open-Meteo forecast (ERA5-seamless)
Z_25.5_88.5,25.5,88.5,0.429,0.375,2026-09-10T06:09:21Z,Open-Meteo forecast (ERA5-seamless)
Z_25.5_89.5,25.5,89.5,0.363,0.192,2026-09-10T06:09:21Z,Open-Meteo forecast (ERA5-seamless)
Z_25.5_90.5,25.5,90.5,0.489,0.455,2026-09-10T06:09:21Z,Open-Meteo forecast (ERA5-seamless)
Z_25.5_90.0,25.5,90.0,0.205,0.146,2026-09-10T06:09:21Z,Open-Meteo forecast (ERA5-seamless)
Z_25.5_93.0,25.5,93.0,0.408,0.396,2026-09-10T06:09:21Z,Open-Meteo forecast (ERA5-seamless)
Z_25.5_91.0,25.5,91.0,0.488,0.462,2026-09-10T06:09:21Z,Open-Meteo forecast (ERA5-seamless)
Z_25.5_91.5,25.5,91.5,0.471,0.465,2026-09-10T06:09:21Z,Open-Meteo forecast (ERA5-seamless)
Z_25.5_92.0,25.5,92.0,0.47,0.46,2026-09-10T06:09:21Z,Open-Meteo forecast (ERA5-seamless)
Z_25.5_92.5,25.5,92.5,0.475,0.471,2026-09-10T06:09:21Z,Open-Meteo forecast (ERA5-seamless)
Z_25.5_94.0,25.5,94.0,0.35,0.357,2026-09-10T06:09:21Z,Open-Meteo forecast (ERA5-seamless)
Z_25.5_93.5,25.5,93.5,0.493,0.495,2026-09-10T06:09:21Z,Open-Meteo forecast (ERA5-seamless)
Z_25.5_95.0,25.5,95.0,0.46,0.466,2026-09-10T06:09:21Z,Open-Meteo forecast (ERA5-seamless)
Z_25.5_94.5,25.5,94.5,0.424,0.455,2026-09-10T06:09:21Z,Open-Meteo forecast (ERA5-seamless)
Z_25.5_95.5,25.5,95.5,0.48,0.492,2026-09-10T06:09:21Z,Open-Meteo forecast (ERA5-seamless)
Z_25.5_96.5,25.5,96.5,0.484,0.496,2026-09-10T06:09:21Z,Open-Meteo forecast (ERA5-seamless)
Z_25.5_97.0,25.5,97.0,0.489,0.491,2026-09-10T06:09:21Z,Open-Meteo forecast (ERA5-seamless)
Z_25.5_96.0,25.5,96.0,0.477,0.489,2026-09-10T06:09:21Z,Open-Meteo forecast (ERA5-seamless)
Z_26.0_88.5,26.0,88.5,0.438,0.398,2026-09-10T06:09:21Z,Open-Meteo forecast (ERA5-seamless)
Z_26.0_89.0,26.0,89.0,0.399,0.381,2026-09-10T06:09:21Z,Open-Meteo forecast (ERA5-seamless)
Z_25.5_97.5,25.5,97.5,0.483,0.491,2026-09-10T06:09:21Z,Open-Meteo forecast (ERA5-seamless)
Z_26.0_88.0,26.0,88.0,0.438,0.415,2026-09-10T06:09:21Z,Open-Meteo forecast (ERA5-seamless)
Z_26.0_90.0,26.0,90.0,0.297,0.277,2026-09-10T06:09:21Z,Open-Meteo forecast (ERA5-seamless)
Z_26.0_91.0,26.0,91.0,0.506,0.52,2026-09-10T06:09:21Z,Open-Meteo forecast (ERA5-seamless)
Z_26.0_90.5,26.0,90.5,0.512,0.479,2026-09-10T06:09:21Z,Open-Meteo forecast (ERA5-seamless)
Z_26.0_89.5,26.0,89.5,0.407,0.369,2026-09-10T06:09:21Z,Open-Meteo forecast (ERA5-seamless)
Z_26.0_91.5,26.0,91.5,0.515,0.5,2026-09-10T06:09:21Z,Open-Meteo forecast (ERA5-seamless)
Z_26.0_92.0,26.0,92.0,0.466,0.478,2026-09-10T06:09:21Z,Open-Meteo forecast (ERA5-seamless)
Z_26.0_95.0,26.0,95.0,0.366,0.332,2026-09-10T06:09:21Z,Open-Meteo forecast (ERA5-seamless)
Z_26.0_93.5,26.0,93.5,0.462,0.463,2026-09-10T06:09:21Z,Open-Meteo forecast (ERA5-seamless)
Z_26.0_92.5,26.0,92.5,0.462,0.479,2026-09-10T06:09:21Z,Open-Meteo forecast (ERA5-seamless)
Z_26.0_95.5,26.0,95.5,0.478,0.487,2026-09-10T06:09:21Z,Open-Meteo forecast (ERA5-seamless)
Z_26.0_93.0,26.0,93.0,0.469,0.481,2026-09-10T06:09:21Z,Open-Meteo forecast (ERA5-seamless)
Z_26.0_94.0,26.0,94.0,0.489,0.486,2026-09-10T06:09:21Z,Open-Meteo forecast (ERA5-seamless)
Z_26.0_96.0,26.0,96.0,0.493,0.497,2026-09-10T06:09:21Z,Open-Meteo forecast (ERA5-seamless)
Z_26.0_96.5,26.0,96.5,0.485,0.498,2026-09-10T06:09:21Z,Open-Meteo forecast (ERA5-seamless)
Z_26.0_94.5,26.0,94.5,0.444,0.462,2026-09-10T06:09:21Z,Open-Meteo forecast (ERA5-seamless)
Z_26.0_97.0,26.0,97.0,0.517,0.505,2026-09-10T06:09:21Z,Open-Meteo forecast (ERA5-seamless)
Z_26.0_97.5,26.0,97.5,0.478,0.484,2026-09-10T06:09:21Z,Open-Meteo forecast (ERA5-seamless)
Z_26.5_88.0,26.5,88.0,0.401,0.389,2026-09-10T06:09:21Z,Open-Meteo forecast (ERA5-seamless)
Z_26.5_88.5,26.5,88.5,0.405,0.387,2026-09-10T06:09:21Z,Open-Meteo forecast (ERA5-seamless)
Z_26.5_89.0,26.5,89.0,0.421,0.394,2026-09-10T06:09:21Z,Open-Meteo forecast (ERA5-seamless)
Z_26.5_90.0,26.5,90.0,0.435,0.407,2026-09-10T06:09:21Z,Open-Meteo forecast (ERA5-seamless)
Z_26.5_89.5,26.5,89.5,0.424,0.401,2026-09-10T06:09:21Z,Open-Meteo forecast (ERA5-seamless)
Z_26.5_90.5,26.5,90.5,0.51,0.45,2026-09-10T06:09:21Z,Open-Meteo forecast (ERA5-seamless)
Z_26.5_91.5,26.5,91.5,0.514,0.465,2026-09-10T06:09:21Z,Open-Meteo forecast (ERA5-seamless)
Z_26.5_92.0,26.5,92.0,0.519,0.508,2026-09-10T06:09:21Z,Open-Meteo forecast (ERA5-seamless)
Z_26.5_92.5,26.5,92.5,0.52,0.487,2026-09-10T06:09:21Z,Open-Meteo forecast (ERA5-seamless)
Z_26.5_93.5,26.5,93.5,0.468,0.485,2026-09-10T06:09:21Z,Open-Meteo forecast (ERA5-seamless)
Z_26.5_93.0,26.5,93.0,0.457,0.472,2026-09-10T06:09:21Z,Open-Meteo forecast (ERA5-seamless)
Z_26.5_94.0,26.5,94.0,0.47,0.485,2026-09-10T06:09:21Z,Open-Meteo forecast (ERA5-seamless)
Z_26.5_94.5,26.5,94.5,0.482,0.49,2026-09-10T06:09:21Z,Open-Meteo forecast (ERA5-seamless)
Z_26.5_95.0,26.5,95.0,0.397,0.403,2026-09-10T06:09:21Z,Open-Meteo forecast (ERA5-seamless)
Z_26.5_95.5,26.5,95.5,0.445,0.466,2026-09-10T06:09:21Z,Open-Meteo forecast (ERA5-seamless)
Z_26.5_96.0,26.5,96.0,0.454,0.465,2026-09-10T06:09:21Z,Open-Meteo forecast (ERA5-seamless)
Z_26.5_91.0,26.5,91.0,0.417,0.346,2026-09-10T06:09:21Z,Open-Meteo forecast (ERA5-seamless)
Z_26.5_96.5,26.5,96.5,0.4,0.405,2026-09-10T06:09:21Z,Open-Meteo forecast (ERA5-seamless)
Z_26.5_97.5,26.5,97.5,0.474,0.478,2026-09-10T06:09:21Z,Open-Meteo forecast (ERA5-seamless)
Z_26.5_97.0,26.5,97.0,0.512,0.511,2026-09-10T06:09:21Z,Open-Meteo forecast (ERA5-seamless)
Z_27.0_88.0,27.0,88.0,0.413,0.413,2026-09-10T06:09:21Z,Open-Meteo forecast (ERA5-seamless)
Z_27.0_89.0,27.0,89.0,0.429,0.429,2026-09-10T06:09:21Z,Open-Meteo forecast (ERA5-seamless)
Z_27.0_88.5,27.0,88.5,0.4,0.386,2026-09-10T06:09:21Z,Open-Meteo forecast (ERA5-seamless)
Z_27.0_89.5,27.0,89.5,0.419,0.42,2026-09-10T06:09:21Z,Open-Meteo forecast (ERA5-seamless)
Z_27.0_90.0,27.0,90.0,0.397,0.396,2026-09-10T06:09:21Z,Open-Meteo forecast (ERA5-seamless)
Z_27.0_90.5,27.0,90.5,0.397,0.397,2026-09-10T06:09:21Z,Open-Meteo forecast (ERA5-seamless)
Z_27.0_91.0,27.0,91.0,0.419,0.416,2026-09-10T06:09:21Z,Open-Meteo forecast (ERA5-seamless)
Z_27.0_91.5,27.0,91.5,0.404,0.403,2026-09-10T06:09:21Z,Open-Meteo forecast (ERA5-seamless)
Z_27.0_92.0,27.0,92.0,0.489,0.486,2026-09-10T06:09:21Z,Open-Meteo forecast (ERA5-seamless)
Z_27.0_92.5,27.0,92.5,0.476,0.485,2026-09-10T06:09:21Z,Open-Meteo forecast (ERA5-seamless)
Z_27.0_93.5,27.0,93.5,0.348,0.369,2026-09-10T06:09:21Z,Open-Meteo forecast (ERA5-seamless)
Z_27.0_93.0,27.0,93.0,0.478,0.478,2026-09-10T06:09:21Z,Open-Meteo forecast (ERA5-seamless)
Z_27.0_94.5,27.0,94.5,0.476,0.49,2026-09-10T06:09:21Z,Open-Meteo forecast (ERA5-seamless)
Z_27.0_94.0,27.0,94.0,0.463,0.477,2026-09-10T06:09:21Z,Open-Meteo forecast (ERA5-seamless)
Z_27.0_95.0,27.0,95.0,0.474,0.485,2026-09-10T06:09:21Z,Open-Meteo forecast (ERA5-seamless)
Z_27.0_95.5,27.0,95.5,0.481,0.48,2026-09-10T06:09:21Z,Open-Meteo forecast (ERA5-seamless)
Z_27.0_96.0,27.0,96.0,0.461,0.469,2026-09-10T06:09:21Z,Open-Meteo forecast (ERA5-seamless)
Z_27.0_96.5,27.0,96.5,0.471,0.467,2026-09-10T06:09:21Z,Open-Meteo forecast (ERA5-seamless)
Z_27.0_97.0,27.0,97.0,0.495,0.502,2026-09-10T06:09:21Z,Open-Meteo forecast (ERA5-seamless)
Z_27.0_97.5,27.0,97.5,0.473,0.484,2026-09-10T06:09:21Z,Open-Meteo forecast (ERA5-seamless)
Z_27.5_88.0,27.5,88.0,0.406,0.409,2026-09-10T06:09:21Z,Open-Meteo forecast (ERA5-seamless)
Z_27.5_88.5,27.5,88.5,0.427,0.428,2026-09-10T06:09:21Z,Open-Meteo forecast (ERA5-seamless)
Z_27.5_89.0,27.5,89.0,0.419,0.411,2026-09-10T06:09:21Z,Open-Meteo forecast (ERA5-seamless)
Z_27.5_89.5,27.5,89.5,0.423,0.422,2026-09-10T06:09:21Z,Open-Meteo forecast (ERA5-seamless)
Z_27.5_90.0,27.5,90.0,0.407,0.394,2026-09-10T06:09:21Z,Open-Meteo forecast (ERA5-seamless)
Z_27.5_90.5,27.5,90.5,0.393,0.386,2026-09-10T06:09:21Z,Open-Meteo forecast (ERA5-seamless)
Z_27.5_91.0,27.5,91.0,0.409,0.411,2026-09-10T06:09:21Z,Open-Meteo forecast (ERA5-seamless)
Z_27.5_92.0,27.5,92.0,0.397,0.403,2026-09-10T06:09:21Z,Open-Meteo forecast (ERA5-seamless)
Z_27.5_91.5,27.5,91.5,0.411,0.402,2026-09-10T06:09:21Z,Open-Meteo forecast (ERA5-seamless)
Z_27.5_93.0,27.5,93.0,0.371,0.381,2026-09-10T06:09:21Z,Open-Meteo forecast (ERA5-seamless)
Z_27.5_92.5,27.5,92.5,0.408,0.408,2026-09-10T06:09:21Z,Open-Meteo forecast (ERA5-seamless)
Z_27.5_93.5,27.5,93.5,0.394,0.402,2026-09-10T06:09:21Z,Open-Meteo forecast (ERA5-seamless)
Z_27.5_94.0,27.5,94.0,0.392,0.398,2026-09-10T06:09:21Z,Open-Meteo forecast (ERA5-seamless)
Z_27.5_94.5,27.5,94.5,0.362,0.378,2026-09-10T06:09:21Z,Open-Meteo forecast (ERA5-seamless)
Z_27.5_95.0,27.5,95.0,0.474,0.492,2026-09-10T06:09:21Z,Open-Meteo forecast (ERA5-seamless)
Z_27.5_95.5,27.5,95.5,0.473,0.482,2026-09-10T06:09:21Z,Open-Meteo forecast (ERA5-seamless)
Z_27.5_96.5,27.5,96.5,0.479,0.479,2026-09-10T06:09:21Z,Open-Meteo forecast (ERA5-seamless)
Z_27.5_96.0,27.5,96.0,0.462,0.476,2026-09-10T06:09:21Z,Open-Meteo forecast (ERA5-seamless)
Z_27.5_97.0,27.5,97.0,0.405,0.408,2026-09-10T06:09:21Z,Open-Meteo forecast (ERA5-seamless)
Z_27.5_97.5,27.5,97.5,0.384,0.394,2026-09-10T06:09:21Z,Open-Meteo forecast (ERA5-seamless)
Z_28.0_88.0,28.0,88.0,0.357,0.353,2026-09-10T06:09:21Z,Open-Meteo forecast (ERA5-seamless)
Z_28.0_89.0,28.0,89.0,0.369,0.372,2026-09-10T06:09:21Z,Open-Meteo forecast (ERA5-seamless)
Z_28.0_88.5,28.0,88.5,0.392,0.393,2026-09-10T06:09:21Z,Open-Meteo forecast (ERA5-seamless)
Z_28.0_89.5,28.0,89.5,0.399,0.404,2026-09-10T06:09:21Z,Open-Meteo forecast (ERA5-seamless)
Z_28.0_90.0,28.0,90.0,0.409,0.405,2026-09-10T06:09:21Z,Open-Meteo forecast (ERA5-seamless)
Z_28.0_90.5,28.0,90.5,0.392,0.399,2026-09-10T06:09:21Z,Open-Meteo forecast (ERA5-seamless)
Z_28.0_91.0,28.0,91.0,0.406,0.408,2026-09-10T06:09:21Z,Open-Meteo forecast (ERA5-seamless)
Z_28.0_92.0,28.0,92.0,0.395,0.393,2026-09-10T06:09:21Z,Open-Meteo forecast (ERA5-seamless)
Z_28.0_91.5,28.0,91.5,0.239,0.243,2026-09-10T06:09:21Z,Open-Meteo forecast (ERA5-seamless)
Z_28.0_92.5,28.0,92.5,0.248,0.263,2026-09-10T06:09:21Z,Open-Meteo forecast (ERA5-seamless)
Z_28.0_93.5,28.0,93.5,0.408,0.407,2026-09-10T06:09:21Z,Open-Meteo forecast (ERA5-seamless)
Z_28.0_93.0,28.0,93.0,0.403,0.407,2026-09-10T06:09:21Z,Open-Meteo forecast (ERA5-seamless)
Z_28.0_94.0,28.0,94.0,0.399,0.404,2026-09-10T06:09:21Z,Open-Meteo forecast (ERA5-seamless)
Z_28.0_94.5,28.0,94.5,0.381,0.388,2026-09-10T06:09:21Z,Open-Meteo forecast (ERA5-seamless)
Z_28.0_95.0,28.0,95.0,0.405,0.408,2026-09-10T06:09:21Z,Open-Meteo forecast (ERA5-seamless)
Z_28.0_95.5,28.0,95.5,0.456,0.472,2026-09-10T06:09:21Z,Open-Meteo forecast (ERA5-seamless)
Z_28.0_96.5,28.0,96.5,0.408,0.41,2026-09-10T06:09:21Z,Open-Meteo forecast (ERA5-seamless)
Z_28.0_96.0,28.0,96.0,0.461,0.47,2026-09-10T06:09:21Z,Open-Meteo forecast (ERA5-seamless)
Z_28.0_97.0,28.0,97.0,0.376,0.362,2026-09-10T06:09:21Z,Open-Meteo forecast (ERA5-seamless)
Z_28.0_97.5,28.0,97.5,0.406,0.411,2026-09-10T06:09:21Z,Open-Meteo forecast (ERA5-seamless)
Z_28.5_88.0,28.5,88.0,0.39,0.322,2026-09-10T06:09:21Z,Open-Meteo forecast (ERA5-seamless)
Z_28.5_88.5,28.5,88.5,0.327,0.327,2026-09-10T06:09:21Z,Open-Meteo forecast (ERA5-seamless)
Z_28.5_89.0,28.5,89.0,0.361,0.369,2026-09-10T06:09:21Z,Open-Meteo forecast (ERA5-seamless)
Z_28.5_90.0,28.5,90.0,0.377,0.362,2026-09-10T06:09:21Z,Open-Meteo forecast (ERA5-seamless)
Z_28.5_89.5,28.5,89.5,0.332,0.345,2026-09-10T06:09:21Z,Open-Meteo forecast (ERA5-seamless)
Z_28.5_90.5,28.5,90.5,0.0,0.0,2026-09-10T06:09:21Z,Open-Meteo forecast (ERA5-seamless)
Z_28.5_91.0,28.5,91.0,0.34,0.355,2026-09-10T06:09:21Z,Open-Meteo forecast (ERA5-seamless)
Z_28.5_91.5,28.5,91.5,0.34,0.34,2026-09-10T06:09:21Z,Open-Meteo forecast (ERA5-seamless)
Z_28.5_92.0,28.5,92.0,0.37,0.346,2026-09-10T06:09:21Z,Open-Meteo forecast (ERA5-seamless)
Z_28.5_92.5,28.5,92.5,0.326,0.325,2026-09-10T06:09:21Z,Open-Meteo forecast (ERA5-seamless)
Z_28.5_93.5,28.5,93.5,0.381,0.383,2026-09-10T06:09:21Z,Open-Meteo forecast (ERA5-seamless)
Z_28.5_93.0,28.5,93.0,0.383,0.39,2026-09-10T06:09:21Z,Open-Meteo forecast (ERA5-seamless)
Z_28.5_94.5,28.5,94.5,0.397,0.402,2026-09-10T06:09:21Z,Open-Meteo forecast (ERA5-seamless)
Z_28.5_94.0,28.5,94.0,0.379,0.386,2026-09-10T06:09:21Z,Open-Meteo forecast (ERA5-seamless)
Z_28.5_96.0,28.5,96.0,0.405,0.403,2026-09-10T06:09:21Z,Open-Meteo forecast (ERA5-seamless)
Z_28.5_95.5,28.5,95.5,0.405,0.407,2026-09-10T06:09:21Z,Open-Meteo forecast (ERA5-seamless)
Z_28.5_95.0,28.5,95.0,0.374,0.382,2026-09-10T06:09:21Z,Open-Meteo forecast (ERA5-seamless)
Z_28.5_96.5,28.5,96.5,0.425,0.42,2026-09-10T06:09:21Z,Open-Meteo forecast (ERA5-seamless)
Z_28.5_97.5,28.5,97.5,0.426,0.419,2026-09-10T06:09:21Z,Open-Meteo forecast (ERA5-seamless)
Z_28.5_97.0,28.5,97.0,0.366,0.361,2026-09-10T06:09:21Z,Open-Meteo forecast (ERA5-seamless)
Z_29.0_88.0,29.0,88.0,0.355,0.3,2026-09-10T06:09:21Z,Open-Meteo forecast (ERA5-seamless)
Z_29.0_88.5,29.0,88.5,0.405,0.364,2026-09-10T06:09:21Z,Open-Meteo forecast (ERA5-seamless)
Z_29.0_89.0,29.0,89.0,0.377,0.362,2026-09-10T06:09:21Z,Open-Meteo forecast (ERA5-seamless)
Z_29.0_89.5,29.0,89.5,0.324,0.288,2026-09-10T06:09:21Z,Open-Meteo forecast (ERA5-seamless)
Z_29.0_90.5,29.0,90.5,0.393,0.379,2026-09-10T06:09:21Z,Open-Meteo forecast (ERA5-seamless)
Z_29.0_90.0,29.0,90.0,0.427,0.424,2026-09-10T06:09:21Z,Open-Meteo forecast (ERA5-seamless)
Z_29.0_91.0,29.0,91.0,0.302,0.296,2026-09-10T06:09:21Z,Open-Meteo forecast (ERA5-seamless)
Z_29.0_92.0,29.0,92.0,0.395,0.392,2026-09-10T06:09:21Z,Open-Meteo forecast (ERA5-seamless)
Z_29.0_91.5,29.0,91.5,0.35,0.345,2026-09-10T06:09:21Z,Open-Meteo forecast (ERA5-seamless)
Z_29.0_92.5,29.0,92.5,0.312,0.268,2026-09-10T06:09:21Z,Open-Meteo forecast (ERA5-seamless)
Z_29.0_93.0,29.0,93.0,0.347,0.358,2026-09-10T06:09:21Z,Open-Meteo forecast (ERA5-seamless)
Z_29.0_93.5,29.0,93.5,0.272,0.294,2026-09-10T06:09:21Z,Open-Meteo forecast (ERA5-seamless)
Z_29.0_94.0,29.0,94.0,0.402,0.408,2026-09-10T06:09:21Z,Open-Meteo forecast (ERA5-seamless)
Z_29.0_94.5,29.0,94.5,0.401,0.402,2026-09-10T06:09:21Z,Open-Meteo forecast (ERA5-seamless)
Z_29.0_95.5,29.0,95.5,0.408,0.409,2026-09-10T06:09:21Z,Open-Meteo forecast (ERA5-seamless)
Z_29.0_95.0,29.0,95.0,0.409,0.406,2026-09-10T06:09:21Z,Open-Meteo forecast (ERA5-seamless)
Z_29.0_96.0,29.0,96.0,0.342,0.356,2026-09-10T06:09:21Z,Open-Meteo forecast (ERA5-seamless)
Z_29.0_96.5,29.0,96.5,0.351,0.363,2026-09-10T06:09:21Z,Open-Meteo forecast (ERA5-seamless)
Z_29.0_97.0,29.0,97.0,0.415,0.396,2026-09-10T06:09:21Z,Open-Meteo forecast (ERA5-seamless)
Z_29.5_88.0,29.5,88.0,0.41,0.409,2026-09-10T06:09:21Z,Open-Meteo forecast (ERA5-seamless)
Z_29.0_97.5,29.0,97.5,0.384,0.384,2026-09-10T06:09:21Z,Open-Meteo forecast (ERA5-seamless)
Z_29.5_88.5,29.5,88.5,0.418,0.398,2026-09-10T06:09:21Z,Open-Meteo forecast (ERA5-seamless)
Z_29.5_89.0,29.5,89.0,0.417,0.417,2026-09-10T06:09:21Z,Open-Meteo forecast (ERA5-seamless)
Z_29.5_89.5,29.5,89.5,0.416,0.401,2026-09-10T06:09:21Z,Open-Meteo forecast (ERA5-seamless)
Z_29.5_90.0,29.5,90.0,0.406,0.386,2026-09-10T06:09:21Z,Open-Meteo forecast (ERA5-seamless)
Z_29.5_90.5,29.5,90.5,0.414,0.415,2026-09-10T06:09:21Z,Open-Meteo forecast (ERA5-seamless)
Z_29.5_91.0,29.5,91.0,0.377,0.304,2026-09-10T06:09:21Z,Open-Meteo forecast (ERA5-seamless)
Z_29.5_91.5,29.5,91.5,0.317,0.309,2026-09-10T06:09:21Z,Open-Meteo forecast (ERA5-seamless)
Z_29.5_92.0,29.5,92.0,0.397,0.392,2026-09-10T06:09:21Z,Open-Meteo forecast (ERA5-seamless)
Z_29.5_92.5,29.5,92.5,0.269,0.277,2026-09-10T06:09:21Z,Open-Meteo forecast (ERA5-seamless)
Z_29.5_94.0,29.5,94.0,0.393,0.397,2026-09-10T06:09:21Z,Open-Meteo forecast (ERA5-seamless)
Z_29.5_93.0,29.5,93.0,0.386,0.391,2026-09-10T06:09:21Z,Open-Meteo forecast (ERA5-seamless)
Z_29.5_93.5,29.5,93.5,0.379,0.387,2026-09-10T06:09:21Z,Open-Meteo forecast (ERA5-seamless)
Z_29.5_94.5,29.5,94.5,0.336,0.354,2026-09-10T06:09:21Z,Open-Meteo forecast (ERA5-seamless)
Z_29.5_95.0,29.5,95.0,0.378,0.386,2026-09-10T06:09:21Z,Open-Meteo forecast (ERA5-seamless)
Z_29.5_96.5,29.5,96.5,0.158,0.204,2026-09-10T06:09:21Z,Open-Meteo forecast (ERA5-seamless)
Z_29.5_95.5,29.5,95.5,0.396,0.38,2026-09-10T06:09:21Z,Open-Meteo forecast (ERA5-seamless)
Z_29.5_96.0,29.5,96.0,0.391,0.388,2026-09-10T06:09:21Z,Open-Meteo forecast (ERA5-seamless)
Z_29.5_97.0,29.5,97.0,0.364,0.375,2026-09-10T06:09:21Z,Open-Meteo forecast (ERA5-seamless)
Z_29.5_97.5,29.5,97.5,0.369,0.382,2026-09-10T06:09:21Z,Open-Meteo forecast (ERA5-seamless)
