zone_id,latitude,longitude,fetched_at,data_source,rainfall_30min,rainfall_1h,rainfall_3h,rainfall_6h,rainfall_12h,rainfall_24h,rainfall_3day,rainfall_7day
Z_22.0_90.0,22.0,90.0,2026-09-10T06:09:21Z,Open-Meteo forecast (ERA5-seamless),0.2,0.2,0.2,0.3,3.8,6.7,22.1,56.6
Z_22.0_88.0,22.0,88.0,2026-09-10T06:09:21Z,Open-Meteo forecast (ERA5-seamless),0.9,1.4,1.6,2.7,8.5,17.8,45.0,62.9
Z_22.0_91.5,22.0,91.5,2026-09-10T06:09:21Z,Open-Meteo forecast (ERA5-seamless),0.2,0.2,0.2,1.0,2.7,9.1,26.5,60.5
Z_22.0_89.0,22.0,89.0,2026-09-10T06:09:21Z,Open-Meteo forecast (ERA5-seamless),0.8,1.0,1.0,1.1,5.9,11.1,33.2,69.4
Z_22.0_92.0,22.0,92.0,2026-09-10T06:09:21Z,Open-Meteo forecast (ERA5-seamless),0.0,0.0,0.0,3.2,11.1,11.2,30.2,58.5
Z_22.0_91.0,22.0,91.0,2026-09-10T06:09:21Z,Open-Meteo forecast (ERA5-seamless),0.2,0.2,0.2,0.4,1.3,17.5,36.0,55.2
Z_22.0_90.5,22.0,90.5,2026-09-10T06:09:21Z,Open-Meteo forecast (ERA5-seamless),0.1,0.4,0.7,0.9,2.9,10.0,28.4,49.7
Z_22.0_89.5,22.0,89.5,2026-09-10T06:09:21Z,Open-Meteo forecast (ERA5-seamless),0.0,0.0,0.0,0.1,1.7,3.8,25.3,48.4
Z_22.0_88.5,22.0,88.5,2026-09-10T06:09:21Z,Open-Meteo forecast (ERA5-seamless),2.5,2.6,2.6,3.2,13.2,14.8,45.9,73.1
Z_22.0_92.5,22.0,92.5,2026-09-10T06:09:21Z,Open-Meteo forecast (ERA5-seamless),0.0,0.0,0.0,0.8,9.0,9.0,39.1,84.7
Z_22.0_93.0,22.0,93.0,2026-09-10T06:09:21Z,Open-Meteo forecast (ERA5-seamless),0.1,0.1,0.1,0.2,22.2,22.5,69.7,112.5
Z_22.0_93.5,22.0,93.5,2026-09-10T06:09:21Z,Open-Meteo forecast (ERA5-seamless),0.0,0.0,0.0,0.1,5.0,9.1,23.1,81.2
Z_22.0_95.0,22.0,95.0,2026-09-10T06:09:21Z,Open-Meteo forecast (ERA5-seamless),0.8,2.0,5.8,6.0,12.8,19.1,78.7,100.6
Z_22.0_94.5,22.0,94.5,2026-09-10T06:09:21Z,Open-Meteo forecast (ERA5-seamless),1.6,3.8,4.9,5.0,6.9,11.8,79.3,97.1
Z_22.0_96.0,22.0,96.0,2026-09-10T06:09:21Z,Open-Meteo forecast (ERA5-seamless),0.0,0.1,0.9,3.8,7.4,11.3,43.9,61.8
Z_22.0_95.5,22.0,95.5,2026-09-10T06:09:21Z,Open-Meteo forecast (ERA5-seamless),0.3,1.9,5.2,5.2,6.4,10.8,79.4,99.9
Z_22.5_89.5,22.5,89.5,2026-09-10T06:09:21Z,Open-Meteo forecast (ERA5-seamless),0.3,0.3,0.3,1.5,11.5,13.5,26.5,57.3
Z_22.0_97.5,22.0,97.5,2026-09-10T06:09:21Z,Open-Meteo forecast (ERA5-seamless),0.0,0.0,0.0,0.0,1.8,2.2,29.5,49.8
Z_22.5_88.5,22.5,88.5,2026-09-10T06:09:21Z,Open-Meteo forecast (ERA5-seamless),0.0,0.0,0.0,0.4,12.4,15.0,46.2,93.2
Z_22.0_94.0,22.0,94.0,2026-09-10T06:09:21Z,Open-Meteo forecast (ERA5-seamless),0.3,0.4,0.4,0.5,5.5,9.6,30.4,54.0
Z_22.0_97.0,22.0,97.0,2026-09-10T06:09:21Z,Open-Meteo forecast (ERA5-seamless),0.0,0.1,0.1,0.1,4.7,10.9,43.4,70.6
Z_22.5_89.0,22.5,89.0,2026-09-10T06:09:21Z,Open-Meteo forecast (ERA5-seamless),0.1,0.1,0.1,0.4,10.7,12.5,22.1,58.8
Z_22.5_88.0,22.5,88.0,2026-09-10T06:09:21Z,Open-Meteo forecast (ERA5-seamless),0.0,0.0,0.1,0.3,13.5,14.5,39.7,70.4
Z_22.0_96.5,22.0,96.5,2026-09-10T06:09:21Z,Open-Meteo forecast (ERA5-seamless),0.0,0.0,1.8,1.9,5.3,9.7,30.8,79.4
Z_22.5_90.5,22.5,90.5,2026-09-10T06:09:21Z,Open-Meteo forecast (ERA5-seamless),0.0,0.0,1.9,2.1,8.3,14.5,42.6,88.8
Z_22.5_90.0,22.5,90.0,2026-09-10T06:09:21Z,Open-Meteo forecast (ERA5-seamless),0.2,0.6,0.6,0.7,15.2,19.2,67.6,119.5
Z_22.5_92.0,22.5,92.0,2026-09-10T06:09:21Z,Open-Meteo forecast (ERA5-seamless),0.1,0.3,0.5,0.8,13.3,14.9,37.6,63.3
Z_22.5_91.0,22.5,91.0,2026-09-10T06:09:21Z,Open-Meteo forecast (ERA5-seamless),0.4,0.4,0.4,0.6,0.9,8.3,18.1,52.9
Z_22.5_91.5,22.5,91.5,2026-09-10T06:09:21Z,Open-Meteo forecast (ERA5-seamless),0.0,0.0,0.1,0.5,2.2,5.2,14.9,42.8
Z_22.5_93.5,22.5,93.5,2026-09-10T06:09:21Z,Open-Meteo forecast (ERA5-seamless),0.1,0.2,0.2,0.4,6.5,15.9,33.0,84.8
Z_22.5_92.5,22.5,92.5,2026-09-10T06:09:21Z,Open-Meteo forecast (ERA5-seamless),0.0,0.0,0.0,0.9,6.8,6.8,43.3,91.1
Z_22.5_94.0,22.5,94.0,2026-09-10T06:09:21Z,Open-Meteo forecast (ERA5-seamless),1.0,1.1,1.2,1.7,3.9,14.1,43.9,57.7
Z_22.5_93.0,22.5,93.0,2026-09-10T06:09:21Z,Open-Meteo forecast (ERA5-seamless),0.0,0.0,0.0,0.0,7.6,7.6,45.1,98.6
Z_22.5_95.5,22.5,95.5,2026-09-10T06:09:21Z,Open-Meteo forecast (ERA5-seamless),0.1,1.1,6.8,10.6,12.1,17.8,39.7,64.8
Z_22.5_95.0,22.5,95.0,2026-09-10T06:09:21Z,Open-Meteo forecast (ERA5-seamless),0.8,2.7,2.7,4.3,5.7,16.9,57.1,87.2
Z_22.5_94.5,22.5,94.5,2026-09-10T06:09:21Z,Open-Meteo forecast (ERA5-seamless),0.2,0.3,0.8,1.2,5.0,11.8,55.8,80.6
Z_22.5_96.0,22.5,96.0,2026-09-10T06:09:21Z,Open-Meteo forecast (ERA5-seamless),0.6,1.3,2.5,2.9,5.1,12.1,35.9,57.9
Z_23.0_88.5,23.0,88.5,2026-09-10T06:09:21Z,Open-Meteo forecast (ERA5-seamless),0.0,0.0,0.0,0.4,7.4,8.6,19.1,67.1
Z_23.0_88.0,23.0,88.0,2026-09-10T06:09:21Z,Open-Meteo forecast (ERA5-seamless),0.0,0.0,0.0,0.3,7.6,10.0,24.1,55.8
Z_22.5_97.0,22.5,97.0,2026-09-10T06:09:21Z,Open-Meteo forecast (ERA5-seamless),0.0,0.0,0.0,0.0,1.2,8.3,33.1,49.8
Z_22.5_97.5,22.5,97.5,2026-09-10T06:09:21Z,Open-Meteo forecast (ERA5-seamless),5.2,5.2,5.2,5.2,6.1,10.5,51.9,65.6
Z_23.0_89.5,23.0,89.5,2026-09-10T06:09:21Z,Open-Meteo forecast (ERA5-seamless),0.7,0.7,0.7,1.4,8.2,9.0,23.7,59.0
Z_23.0_90.0,23.0,90.0,2026-09-10T06:09:21Z,Open-Meteo forecast (ERA5-seamless),0.2,0.4,0.4,0.5,8.3,10.5,24.6,59.8
Z_23.0_89.0,23.0,89.0,2026-09-10T06:09:21Z,Open-Meteo forecast (ERA5-seamless),0.0,0.0,0.0,2.2,11.6,12.0,23.7,89.7
Z_23.0_91.5,23.0,91.5,2026-09-10T06:09:21Z,Open-Meteo forecast (ERA5-seamless),1.7,1.7,1.7,2.2,11.4,14.1,28.6,58.9
Z_22.5_96.5,22.5,96.5,2026-09-10T06:09:21Z,Open-Meteo forecast (ERA5-seamless),0.0,0.0,0.0,0.0,3.5,6.2,27.7,48.5
Z_23.0_90.5,23.0,90.5,2026-09-10T06:09:21Z,Open-Meteo forecast (ERA5-seamless),0.6,0.6,0.6,0.6,2.9,8.6,28.5,77.7
Z_23.0_91.0,23.0,91.0,2026-09-10T06:09:21Z,Open-Meteo forecast (ERA5-seamless),4.5,4.6,4.6,4.8,6.3,16.2,27.2,52.9
Z_23.0_92.0,23.0,92.0,2026-09-10T06:09:21Z,Open-Meteo forecast (ERA5-seamless),1.6,1.8,2.1,2.4,8.2,9.1,26.1,60.6
Z_23.0_92.5,23.0,92.5,2026-09-10T06:09:21Z,Open-Meteo forecast (ERA5-seamless),0.6,0.6,0.6,1.5,7.9,7.9,32.3,81.2
Z_23.0_93.5,23.0,93.5,2026-09-10T06:09:21Z,Open-Meteo forecast (ERA5-seamless),0.0,0.0,0.0,0.1,0.9,2.3,11.3,60.7
Z_23.0_94.0,23.0,94.0,2026-09-10T06:09:21Z,Open-Meteo forecast (ERA5-seamless),0.8,1.1,2.2,2.7,4.2,12.4,44.7,50.8
Z_23.0_94.5,23.0,94.5,2026-09-10T06:09:21Z,Open-Meteo forecast (ERA5-seamless),1.7,1.7,1.8,2.7,5.5,17.7,66.4,97.7
Z_23.0_95.0,23.0,95.0,2026-09-10T06:09:21Z,Open-Meteo forecast (ERA5-seamless),0.9,2.4,2.4,6.8,8.2,13.3,52.6,72.9
Z_23.0_96.0,23.0,96.0,2026-09-10T06:09:21Z,Open-Meteo forecast (ERA5-seamless),0.0,0.0,0.0,1.8,3.6,9.2,34.4,48.1
Z_23.0_95.5,23.0,95.5,2026-09-10T06:09:21Z,Open-Meteo forecast (ERA5-seamless),0.3,2.9,3.1,6.5,7.5,11.2,34.5,52.9
Z_23.0_96.5,23.0,96.5,2026-09-10T06:09:21Z,Open-Meteo forecast (ERA5-seamless),0.3,0.3,0.3,0.8,2.2,7.3,38.3,91.3
Z_23.0_93.0,23.0,93.0,2026-09-10T06:09:21Z,Open-Meteo forecast (ERA5-seamless),0.0,0.0,0.0,0.7,6.4,6.9,36.2,76.3
Z_23.0_97.5,23.0,97.5,2026-09-10T06:09:21Z,Open-Meteo forecast (ERA5-seamless),1.3,4.5,4.5,4.5,5.1,9.8,56.8,76.7
Z_23.0_97.0,23.0,97.0,2026-09-10T06:09:21Z,Open-Meteo forecast (ERA5-seamless),0.5,0.5,0.5,0.5,4.7,6.2,39.6,68.9
Z_23.5_88.0,23.5,88.0,2026-09-10T06:09:21Z,Open-Meteo forecast (ERA5-seamless),0.0,0.0,0.0,2.3,9.9,13.0,28.9,52.8
Z_23.5_88.5,23.5,88.5,2026-09-10T06:09:21Z,Open-Meteo forecast (ERA5-seamless),0.0,0.0,0.0,0.6,17.1,17.5,27.1,62.2
Z_23.5_89.5,23.5,89.5,2026-09-10T06:09:21Z,Open-Meteo forecast (ERA5-seamless),0.0,0.0,0.0,0.5,4.8,9.3,37.4,74.6
Z_23.5_90.0,23.5,90.0,2026-09-10T06:09:21Z,Open-Meteo forecast (ERA5-seamless),0.0,0.0,0.0,0.3,9.2,20.8,43.8,93.7
Z_23.5_89.0,23.5,89.0,2026-09-10T06:09:21Z,Open-Meteo forecast (ERA5-seamless),0.0,0.0,0.0,0.2,7.1,7.5,23.1,62.6
Z_23.5_90.5,23.5,90.5,2026-09-10T06:09:21Z,Open-Meteo forecast (ERA5-seamless),0.6,0.6,0.6,0.8,9.5,24.0,41.4,93.0
Z_23.5_92.0,23.5,92.0,2026-09-10T06:09:21Z,Open-Meteo forecast (ERA5-seamless),1.1,3.7,3.7,4.6,14.7,15.2,36.5,76.0
Z_23.5_93.0,23.5,93.0,2026-09-10T06:09:21Z,Open-Meteo forecast (ERA5-seamless),0.1,0.1,0.1,0.2,0.7,0.7,43.6,69.2
Z_23.5_93.5,23.5,93.5,2026-09-10T06:09:21Z,Open-Meteo forecast (ERA5-seamless),0.0,0.0,0.0,0.0,0.4,0.7,8.2,32.7
Z_23.5_91.0,23.5,91.0,2026-09-10T06:09:21Z,Open-Meteo forecast (ERA5-seamless),1.0,3.3,3.3,3.5,9.0,13.6,27.0,72.5
Z_23.5_92.5,23.5,92.5,2026-09-10T06:09:21Z,Open-Meteo forecast (ERA5-seamless),0.8,0.8,0.8,1.6,9.6,9.6,48.5,77.8
Z_23.5_91.5,23.5,91.5,2026-09-10T06:09:21Z,Open-Meteo forecast (ERA5-seamless),1.1,3.3,3.3,3.9,11.7,12.4,35.9,75.8
Z_23.5_94.0,23.5,94.0,2026-09-10T06:09:21Z,Open-Meteo forecast (ERA5-seamless),0.2,0.6,1.1,1.1,2.0,11.8,53.4,64.0
Z_23.5_95.0,23.5,95.0,2026-09-10T06:09:21Z,Open-Meteo forecast (ERA5-seamless),2.8,4.4,4.5,7.7,7.8,15.2,37.3,51.9
Z_23.5_94.5,23.5,94.5,2026-09-10T06:09:21Z,Open-Meteo forecast (ERA5-seamless),1.0,1.0,1.1,2.1,6.3,15.7,55.8,80.9
Z_23.5_95.5,23.5,95.5,2026-09-10T06:09:21Z,Open-Meteo forecast (ERA5-seamless),1.0,2.1,2.2,3.3,3.5,11.6,53.5,60.0
Z_23.5_96.5,23.5,96.5,2026-09-10T06:09:21Z,Open-Meteo forecast (ERA5-seamless),0.0,0.0,0.0,0.0,0.5,6.8,21.2,40.0
Z_23.5_96.0,23.5,96.0,2026-09-10T06:09:21Z,Open-Meteo forecast (ERA5-seamless),0.1,0.1,0.1,0.1,0.3,6.4,28.0,37.5
Z_23.5_97.5,23.5,97.5,2026-09-10T06:09:21Z,Open-Meteo forecast (ERA5-seamless),1.6,2.4,2.4,2.4,7.0,9.5,34.6,59.9
Z_23.5_97.0,23.5,97.0,2026-09-10T06:09:21Z,Open-Meteo forecast (ERA5-seamless),2.5,2.5,2.7,2.7,4.6,8.9,36.6,50.7
Z_24.0_88.0,24.0,88.0,2026-09-10T06:09:21Z,Open-Meteo forecast (ERA5-seamless),0.0,0.0,0.0,3.4,7.2,10.9,23.5,61.1
Z_24.0_89.5,24.0,89.5,2026-09-10T06:09:21Z,Open-Meteo forecast (ERA5-seamless),0.0,0.0,0.0,0.5,3.8,5.8,24.7,47.0
Z_24.0_88.5,24.0,88.5,2026-09-10T06:09:21Z,Open-Meteo forecast (ERA5-seamless),0.0,0.0,0.0,1.5,3.2,4.0,14.5,56.9
Z_24.0_89.0,24.0,89.0,2026-09-10T06:09:21Z,Open-Meteo forecast (ERA5-seamless),0.0,0.1,0.1,1.1,5.2,5.4,11.6,61.8
Z_24.0_90.0,24.0,90.0,2026-09-10T06:09:21Z,Open-Meteo forecast (ERA5-seamless),0.0,0.0,0.0,0.1,8.5,12.6,23.4,61.9
Z_24.0_91.0,24.0,91.0,2026-09-10T06:09:21Z,Open-Meteo forecast (ERA5-seamless),0.3,1.9,2.4,3.3,8.8,9.5,39.2,64.2
Z_24.0_90.5,24.0,90.5,2026-09-10T06:09:21Z,Open-Meteo forecast (ERA5-seamless),0.2,0.4,0.4,0.9,8.0,11.0,24.6,55.1
Z_24.0_92.0,24.0,92.0,2026-09-10T06:09:21Z,Open-Meteo forecast (ERA5-seamless),0.3,3.0,6.5,6.9,11.0,11.1,49.7,63.3
Z_24.0_91.5,24.0,91.5,2026-09-10T06:09:21Z,Open-Meteo forecast (ERA5-seamless),0.2,1.2,3.5,4.4,10.5,11.2,49.1,75.8
Z_24.0_92.5,24.0,92.5,2026-09-10T06:09:21Z,Open-Meteo forecast (ERA5-seamless),0.6,3.0,4.2,6.4,10.6,10.6,50.9,75.2
Z_24.0_93.0,24.0,93.0,2026-09-10T06:09:21Z,Open-Meteo forecast (ERA5-seamless),1.3,2.4,2.4,3.6,4.3,4.3,40.7,70.8
Z_24.0_93.5,24.0,93.5,2026-09-10T06:09:21Z,Open-Meteo forecast (ERA5-seamless),0.0,0.0,0.0,0.0,0.0,0.1,18.2,52.8
Z_24.0_95.0,24.0,95.0,2026-09-10T06:09:21Z,Open-Meteo forecast (ERA5-seamless),2.1,2.2,2.4,2.5,3.4,9.4,30.6,40.7
Z_24.0_94.0,24.0,94.0,2026-09-10T06:09:21Z,Open-Meteo forecast (ERA5-seamless),0.1,0.2,0.3,0.4,2.5,6.2,24.8,65.1
Z_24.0_94.5,24.0,94.5,2026-09-10T06:09:21Z,Open-Meteo forecast (ERA5-seamless),1.3,1.3,1.5,1.5,3.3,10.2,33.8,66.5
Z_24.0_95.5,24.0,95.5,2026-09-10T06:09:21Z,Open-Meteo forecast (ERA5-seamless),3.1,3.1,3.4,3.6,5.0,6.0,31.8,47.7
Z_24.0_96.5,24.0,96.5,2026-09-10T06:09:21Z,Open-Meteo forecast (ERA5-seamless),0.0,0.0,0.0,0.0,0.1,6.4,41.8,61.1
Z_24.0_96.0,24.0,96.0,2026-09-10T06:09:21Z,Open-Meteo forecast (ERA5-seamless),0.0,0.0,0.0,0.0,0.1,1.7,16.5,24.8
Z_24.5_88.0,24.5,88.0,2026-09-10T06:09:21Z,Open-Meteo forecast (ERA5-seamless),0.0,0.0,0.3,2.5,5.4,6.1,10.7,62.0
Z_24.0_97.5,24.0,97.5,2026-09-10T06:09:21Z,Open-Meteo forecast (ERA5-seamless),0.6,2.3,2.3,2.3,3.6,4.1,19.2,33.6
Z_24.0_97.0,24.0,97.0,2026-09-10T06:09:21Z,Open-Meteo forecast (ERA5-seamless),2.8,2.8,2.8,2.8,4.0,9.0,39.1,64.3
Z_24.5_88.5,24.5,88.5,2026-09-10T06:09:21Z,Open-Meteo forecast (ERA5-seamless),0.0,0.0,0.3,2.6,5.6,7.3,16.5,66.7
Z_24.5_89.5,24.5,89.5,2026-09-10T06:09:21Z,Open-Meteo forecast (ERA5-seamless),0.1,0.4,0.5,6.1,10.6,11.2,17.1,81.5
Z_24.5_89.0,24.5,89.0,2026-09-10T06:09:21Z,Open-Meteo forecast (ERA5-seamless),0.0,0.0,0.0,6.9,11.8,12.2,21.1,55.3
Z_24.5_91.0,24.5,91.0,2026-09-10T06:09:21Z,Open-Meteo forecast (ERA5-seamless),0.1,0.7,0.8,1.8,5.5,6.5,31.6,73.3
Z_24.5_90.0,24.5,90.0,2026-09-10T06:09:21Z,Open-Meteo forecast (ERA5-seamless),0.0,0.0,0.0,1.6,11.9,13.2,20.8,58.6
Z_24.5_91.5,24.5,91.5,2026-09-10T06:09:21Z,Open-Meteo forecast (ERA5-seamless),0.4,0.9,7.6,8.2,8.5,9.3,36.0,65.4
Z_24.5_90.5,24.5,90.5,2026-09-10T06:09:21Z,Open-Meteo forecast (ERA5-seamless),0.6,0.6,0.6,2.8,11.2,12.3,31.6,72.7
Z_24.5_93.5,24.5,93.5,2026-09-10T06:09:21Z,Open-Meteo forecast (ERA5-seamless),0.0,0.0,0.0,0.0,0.4,0.5,13.3,39.5
Z_24.5_93.0,24.5,93.0,2026-09-10T06:09:21Z,Open-Meteo forecast (ERA5-seamless),0.2,3.6,4.6,7.2,7.3,7.3,50.0,108.1
Z_24.5_92.0,24.5,92.0,2026-09-10T06:09:21Z,Open-Meteo forecast (ERA5-seamless),1.8,2.9,9.4,10.6,10.8,10.8,45.7,72.8
Z_24.5_94.0,24.5,94.0,2026-09-10T06:09:21Z,Open-Meteo forecast (ERA5-seamless),0.0,0.0,0.0,0.0,0.0,0.3,5.2,18.6
Z_24.5_92.5,24.5,92.5,2026-09-10T06:09:21Z,Open-Meteo forecast (ERA5-seamless),0.3,1.3,2.9,4.0,4.1,4.1,26.0,55.5
Z_24.5_95.5,24.5,95.5,2026-09-10T06:09:21Z,Open-Meteo forecast (ERA5-seamless),0.0,0.0,0.0,0.0,1.0,1.8,13.2,37.2
Z_24.5_94.5,24.5,94.5,2026-09-10T06:09:21Z,Open-Meteo forecast (ERA5-seamless),0.0,0.0,0.0,0.0,0.7,4.2,19.3,33.5
Z_24.5_95.0,24.5,95.0,2026-09-10T06:09:21Z,Open-Meteo forecast (ERA5-seamless),0.0,0.0,0.0,0.0,0.5,4.5,29.6,44.1
Z_24.5_96.0,24.5,96.0,2026-09-10T06:09:21Z,Open-Meteo forecast (ERA5-seamless),0.0,0.0,0.0,0.0,0.0,1.1,26.9,51.1
Z_24.5_97.0,24.5,97.0,2026-09-10T06:09:21Z,Open-Meteo forecast (ERA5-seamless),3.6,3.6,3.6,3.6,5.5,12.0,23.3,58.7
Z_24.5_96.5,24.5,96.5,2026-09-10T06:09:21Z,Open-Meteo forecast (ERA5-seamless),0.0,0.0,0.0,0.0,0.1,8.1,30.1,59.5
Z_24.5_97.5,24.5,97.5,2026-09-10T06:09:21Z,Open-Meteo forecast (ERA5-seamless),3.7,8.5,9.2,9.2,12.6,19.8,51.2,63.3
Z_25.0_88.0,25.0,88.0,2026-09-10T06:09:21Z,Open-Meteo forecast (ERA5-seamless),0.1,0.1,1.2,5.3,12.9,13.5,19.3,65.8
Z_25.0_89.0,25.0,89.0,2026-09-10T06:09:21Z,Open-Meteo forecast (ERA5-seamless),0.0,0.0,0.4,13.2,21.5,21.8,25.8,80.5
Z_25.0_88.5,25.0,88.5,2026-09-10T06:09:21Z,Open-Meteo forecast (ERA5-seamless),0.0,0.0,0.1,15.3,20.4,21.9,24.2,83.4
Z_25.0_90.0,25.0,90.0,2026-09-10T06:09:21Z,Open-Meteo forecast (ERA5-seamless),0.0,0.0,0.2,13.0,18.2,18.5,25.2,78.5
Z_25.0_91.0,25.0,91.0,2026-09-10T06:09:21Z,Open-Meteo forecast (ERA5-seamless),0.4,1.5,2.1,4.2,5.2,5.9,22.6,87.8
Z_25.0_89.5,25.0,89.5,2026-09-10T06:09:21Z,Open-Meteo forecast (ERA5-seamless),0.0,0.0,0.4,4.8,8.7,8.8,12.5,40.6
Z_25.0_91.5,25.0,91.5,2026-09-10T06:09:21Z,Open-Meteo forecast (ERA5-seamless),0.5,1.7,3.4,9.3,10.0,13.3,27.1,82.6
Z_25.0_90.5,25.0,90.5,2026-09-10T06:09:21Z,Open-Meteo forecast (ERA5-seamless),0.4,0.4,0.5,3.8,7.2,7.4,13.3,69.2
Z_25.0_92.0,25.0,92.0,2026-09-10T06:09:21Z,Open-Meteo forecast (ERA5-seamless),1.8,1.9,5.3,12.6,13.8,13.8,32.8,115.3
Z_25.0_92.5,25.0,92.5,2026-09-10T06:09:21Z,Open-Meteo forecast (ERA5-seamless),0.4,0.5,3.0,6.0,6.1,7.6,24.8,67.3
Z_25.0_93.0,25.0,93.0,2026-09-10T06:09:21Z,Open-Meteo forecast (ERA5-seamless),0.4,0.5,0.8,1.0,1.2,1.3,19.8,43.4
Z_25.0_93.5,25.0,93.5,2026-09-10T06:09:21Z,Open-Meteo forecast (ERA5-seamless),0.1,0.1,0.1,0.1,0.7,0.7,19.8,57.6
Z_25.0_94.0,25.0,94.0,2026-09-10T06:09:21Z,Open-Meteo forecast (ERA5-seamless),0.0,0.0,0.0,0.0,0.3,1.2,8.9,91.7
Z_25.0_95.5,25.0,95.5,2026-09-10T06:09:21Z,Open-Meteo forecast (ERA5-seamless),0.0,0.0,0.0,0.0,1.1,5.2,26.0,50.6
Z_25.0_94.5,25.0,94.5,2026-09-10T06:09:21Z,Open-Meteo forecast (ERA5-seamless),0.1,0.1,0.1,0.1,1.1,4.9,13.4,37.8
Z_25.0_95.0,25.0,95.0,2026-09-10T06:09:21Z,Open-Meteo forecast (ERA5-seamless),0.1,0.1,0.1,0.1,1.2,3.6,27.2,59.6
Z_25.0_96.0,25.0,96.0,2026-09-10T06:09:21Z,Open-Meteo forecast (ERA5-seamless),0.0,0.0,0.0,0.0,0.4,1.2,19.7,30.9
Z_25.0_96.5,25.0,96.5,2026-09-10T06:09:21Z,Open-Meteo forecast (ERA5-seamless),0.0,0.0,0.0,0.0,2.2,4.0,24.2,39.9
Z_25.0_97.0,25.0,97.0,2026-09-10T06:09:21Z,Open-Meteo forecast (ERA5-seamless),6.7,6.7,6.7,6.7,7.2,16.3,42.7,71.5
Z_25.0_97.5,25.0,97.5,2026-09-10T06:09:21Z,Open-Meteo forecast (ERA5-seamless),4.2,4.7,4.7,4.7,4.7,12.8,35.8,83.6
Z_25.5_88.0,25.5,88.0,2026-09-10T06:09:21Z,Open-Meteo forecast (ERA5-seamless),1.0,1.4,1.9,4.0,17.5,18.9,23.3,59.2
Z_25.5_89.0,25.5,89.0,2026-09-10T06:09:21Z,Open-Meteo forecast (ERA5-seamless),5.4,5.4,5.7,8.5,15.8,16.1,18.9,59.9
Z_25.5_88.5,25.5,88.5,2026-09-10T06:09:21Z,Open-Meteo forecast (ERA5-seamless),1.3,3.2,3.2,6.3,8.6,9.0,11.4,53.1
Z_25.5_89.5,25.5,89.5,2026-09-10T06:09:21Z,Open-Meteo forecast (ERA5-seamless),2.5,2.5,2.7,7.8,9.5,9.5,16.5,30.5
Z_25.5_90.5,25.5,90.5,2026-09-10T06:09:21Z,Open-Meteo forecast (ERA5-seamless),2.0,2.1,2.4,4.6,7.2,7.2,12.9,30.2
Z_25.5_90.0,25.5,90.0,2026-09-10T06:09:21Z,Open-Meteo forecast (ERA5-seamless),2.1,2.1,2.2,6.2,7.4,7.4,14.6,23.9
Z_25.5_93.0,25.5,93.0,2026-09-10T06:09:21Z,Open-Meteo forecast (ERA5-seamless),0.1,0.2,0.2,0.2,1.6,1.6,14.6,20.2
Z_25.5_91.0,25.5,91.0,2026-09-10T06:09:21Z,Open-Meteo forecast (ERA5-seamless),0.3,0.7,1.4,2.4,4.6,5.6,12.3,29.8
Z_25.5_91.5,25.5,91.5,2026-09-10T06:09:21Z,Open-Meteo forecast (ERA5-seamless),0.0,0.2,1.0,1.1,3.0,3.3,9.7,32.6
Z_25.5_92.0,25.5,92.0,2026-09-10T06:09:21Z,Open-Meteo forecast (ERA5-seamless),0.0,0.0,0.3,1.2,3.8,4.0,15.3,33.5
Z_25.5_92.5,25.5,92.5,2026-09-10T06:09:21Z,Open-Meteo forecast (ERA5-seamless),0.0,0.0,0.1,0.1,3.0,3.0,12.8,23.3
Z_25.5_94.0,25.5,94.0,2026-09-10T06:09:21Z,Open-Meteo forecast (ERA5-seamless),0.0,0.0,0.0,0.0,1.3,1.3,8.6,29.6
Z_25.5_93.5,25.5,93.5,2026-09-10T06:09:21Z,Open-Meteo forecast (ERA5-seamless),0.0,0.0,0.0,0.0,4.1,4.1,35.0,89.4
Z_25.5_95.0,25.5,95.0,2026-09-10T06:09:21Z,Open-Meteo forecast (ERA5-seamless),0.0,0.0,0.0,0.0,0.7,1.4,7.9,28.5
Z_25.5_94.5,25.5,94.5,2026-09-10T06:09:21Z,Open-Meteo forecast (ERA5-seamless),0.0,0.0,0.0,0.0,0.3,0.5,6.7,23.7
Z_25.5_95.5,25.5,95.5,2026-09-10T06:09:21Z,Open-Meteo forecast (ERA5-seamless),0.0,0.0,0.0,0.0,0.1,0.6,30.9,77.0
Z_25.5_96.5,25.5,96.5,2026-09-10T06:09:21Z,Open-Meteo forecast (ERA5-seamless),0.0,0.0,0.0,0.0,0.2,7.2,40.0,63.3
Z_25.5_97.0,25.5,97.0,2026-09-10T06:09:21Z,Open-Meteo forecast (ERA5-seamless),1.6,1.7,1.7,1.8,2.7,8.4,29.1,78.3
Z_25.5_96.0,25.5,96.0,2026-09-10T06:09:21Z,Open-Meteo forecast (ERA5-seamless),0.0,0.0,0.0,0.0,0.5,0.9,31.0,62.2
Z_26.0_88.5,26.0,88.5,2026-09-10T06:09:21Z,Open-Meteo forecast (ERA5-seamless),3.5,3.6,3.6,6.8,11.7,12.4,17.5,45.4
Z_26.0_89.0,26.0,89.0,2026-09-10T06:09:21Z,Open-Meteo forecast (ERA5-seamless),0.5,0.5,1.8,2.7,4.3,4.5,6.7,41.1
Z_25.5_97.5,25.5,97.5,2026-09-10T06:09:21Z,Open-Meteo forecast (ERA5-seamless),0.3,0.3,0.3,0.3,0.3,13.1,46.7,108.2
Z_26.0_88.0,26.0,88.0,2026-09-10T06:09:21Z,Open-Meteo forecast (ERA5-seamless),4.4,8.9,9.1,9.4,16.8,17.1,21.6,52.1
Z_26.0_90.0,26.0,90.0,2026-09-10T06:09:21Z,Open-Meteo forecast (ERA5-seamless),0.0,0.1,0.4,5.2,8.8,8.8,13.4,32.0
Z_26.0_91.0,26.0,91.0,2026-09-10T06:09:21Z,Open-Meteo forecast (ERA5-seamless),4.6,8.1,12.0,20.9,25.1,25.2,38.1,56.8
Z_26.0_90.5,26.0,90.5,2026-09-10T06:09:21Z,Open-Meteo forecast (ERA5-seamless),1.0,1.6,2.4,9.1,11.6,11.8,18.0,34.0
Z_26.0_89.5,26.0,89.5,2026-09-10T06:09:21Z,Open-Meteo forecast (ERA5-seamless),0.1,0.1,1.6,6.4,7.3,7.4,9.6,42.2
Z_26.0_91.5,26.0,91.5,2026-09-10T06:09:21Z,Open-Meteo forecast (ERA5-seamless),2.0,7.6,9.7,9.7,11.4,11.4,21.3,51.2
Z_26.0_92.0,26.0,92.0,2026-09-10T06:09:21Z,Open-Meteo forecast (ERA5-seamless),0.2,1.0,1.0,1.0,1.4,1.5,12.5,43.0
Z_26.0_95.0,26.0,95.0,2026-09-10T06:09:21Z,Open-Meteo forecast (ERA5-seamless),0.0,0.1,0.1,0.3,7.9,8.8,27.9,33.7
Z_26.0_93.5,26.0,93.5,2026-09-10T06:09:21Z,Open-Meteo forecast (ERA5-seamless),0.0,0.0,0.0,0.0,1.0,2.8,30.4,62.2
Z_26.0_92.5,26.0,92.5,2026-09-10T06:09:21Z,Open-Meteo forecast (ERA5-seamless),0.0,0.0,0.0,0.0,0.0,0.0,16.2,69.5
Z_26.0_95.5,26.0,95.5,2026-09-10T06:09:21Z,Open-Meteo forecast (ERA5-seamless),0.0,0.0,0.0,0.1,1.1,2.1,16.3,57.7
Z_26.0_93.0,26.0,93.0,2026-09-10T06:09:21Z,Open-Meteo forecast (ERA5-seamless),0.0,0.0,0.0,0.0,0.1,0.3,8.5,56.6
Z_26.0_94.0,26.0,94.0,2026-09-10T06:09:21Z,Open-Meteo forecast (ERA5-seamless),0.0,0.0,0.0,0.0,3.7,3.8,33.8,72.3
Z_26.0_96.0,26.0,96.0,2026-09-10T06:09:21Z,Open-Meteo forecast (ERA5-seamless),0.0,0.0,0.0,0.0,2.0,5.1,27.9,95.0
Z_26.0_96.5,26.0,96.5,2026-09-10T06:09:21Z,Open-Meteo forecast (ERA5-seamless),0.0,0.0,0.0,0.0,0.3,8.4,34.3,93.3
Z_26.0_94.5,26.0,94.5,2026-09-10T06:09:21Z,Open-Meteo forecast (ERA5-seamless),0.0,0.0,0.0,0.0,0.0,0.0,8.0,56.7
Z_26.0_97.0,26.0,97.0,2026-09-10T06:09:21Z,Open-Meteo forecast (ERA5-seamless),4.3,7.1,7.1,7.1,9.0,17.1,39.6,66.3
Z_26.0_97.5,26.0,97.5,2026-09-10T06:09:21Z,Open-Meteo forecast (ERA5-seamless),0.3,0.3,0.3,0.3,0.3,2.7,27.5,49.7
Z_26.5_88.0,26.5,88.0,2026-09-10T06:09:21Z,Open-Meteo forecast (ERA5-seamless),0.2,0.4,1.5,1.5,4.8,4.9,9.8,68.7
Z_26.5_88.5,26.5,88.5,2026-09-10T06:09:21Z,Open-Meteo forecast (ERA5-seamless),0.0,0.5,2.1,2.6,5.1,5.3,15.4,68.3
Z_26.5_89.0,26.5,89.0,2026-09-10T06:09:21Z,Open-Meteo forecast (ERA5-seamless),0.2,0.9,4.3,10.4,10.9,11.0,16.4,56.8
Z_26.5_90.0,26.5,90.0,2026-09-10T06:09:21Z,Open-Meteo forecast (ERA5-seamless),1.5,3.7,11.6,12.2,12.9,12.9,18.2,53.7
Z_26.5_89.5,26.5,89.5,2026-09-10T06:09:21Z,Open-Meteo forecast (ERA5-seamless),0.4,0.9,4.1,6.7,7.9,7.9,11.3,56.8
Z_26.5_90.5,26.5,90.5,2026-09-10T06:09:21Z,Open-Meteo forecast (ERA5-seamless),1.5,3.6,6.7,6.7,8.1,8.1,10.7,46.3
Z_26.5_91.5,26.5,91.5,2026-09-10T06:09:21Z,Open-Meteo forecast (ERA5-seamless),2.8,4.2,8.3,8.3,9.3,9.6,16.2,50.1
Z_26.5_92.0,26.5,92.0,2026-09-10T06:09:21Z,Open-Meteo forecast (ERA5-seamless),3.4,16.1,16.1,16.1,16.5,16.7,26.5,49.1
Z_26.5_92.5,26.5,92.5,2026-09-10T06:09:21Z,Open-Meteo forecast (ERA5-seamless),6.9,6.9,6.9,6.9,7.9,8.2,23.6,63.5
Z_26.5_93.5,26.5,93.5,2026-09-10T06:09:21Z,Open-Meteo forecast (ERA5-seamless),0.0,0.0,0.0,0.0,0.0,0.3,16.6,55.2
Z_26.5_93.0,26.5,93.0,2026-09-10T06:09:21Z,Open-Meteo forecast (ERA5-seamless),0.0,0.0,0.0,0.0,0.4,0.6,9.5,72.0
Z_26.5_94.0,26.5,94.0,2026-09-10T06:09:21Z,Open-Meteo forecast (ERA5-seamless),0.0,0.0,0.0,0.0,0.0,0.0,29.9,110.7
Z_26.5_94.5,26.5,94.5,2026-09-10T06:09:21Z,Open-Meteo forecast (ERA5-seamless),0.0,0.0,0.0,0.0,1.6,1.7,31.4,102.1
Z_26.5_95.0,26.5,95.0,2026-09-10T06:09:21Z,Open-Meteo forecast (ERA5-seamless),0.0,0.0,0.0,0.0,1.5,1.6,15.0,96.5
Z_26.5_95.5,26.5,95.5,2026-09-10T06:09:21Z,Open-Meteo forecast (ERA5-seamless),0.0,0.0,0.0,0.0,0.8,1.3,17.8,56.4
Z_26.5_96.0,26.5,96.0,2026-09-10T06:09:21Z,Open-Meteo forecast (ERA5-seamless),0.0,0.0,0.0,0.0,0.1,0.6,9.6,32.2
Z_26.5_91.0,26.5,91.0,2026-09-10T06:09:21Z,Open-Meteo forecast (ERA5-seamless),0.8,2.0,6.4,6.4,7.8,8.0,21.3,31.4
Z_26.5_96.5,26.5,96.5,2026-09-10T06:09:21Z,Open-Meteo forecast (ERA5-seamless),0.0,0.0,0.0,0.0,1.0,1.9,31.5,105.9
Z_26.5_97.5,26.5,97.5,2026-09-10T06:09:21Z,Open-Meteo forecast (ERA5-seamless),0.0,0.0,0.0,0.0,0.0,5.9,20.8,46.4
Z_26.5_97.0,26.5,97.0,2026-09-10T06:09:21Z,Open-Meteo forecast (ERA5-seamless),0.2,1.5,11.2,11.2,11.9,16.3,32.1,72.0
Z_27.0_88.0,27.0,88.0,2026-09-10T06:09:21Z,Open-Meteo forecast (ERA5-seamless),0.0,0.3,1.0,1.5,4.7,5.4,35.5,210.8
Z_27.0_89.0,27.0,89.0,2026-09-10T06:09:21Z,Open-Meteo forecast (ERA5-seamless),0.1,1.4,9.1,12.7,16.9,17.1,50.5,191.4
Z_27.0_88.5,27.0,88.5,2026-09-10T06:09:21Z,Open-Meteo forecast (ERA5-seamless),0.2,0.4,3.8,4.3,4.5,4.5,12.2,51.8
Z_27.0_89.5,27.0,89.5,2026-09-10T06:09:21Z,Open-Meteo forecast (ERA5-seamless),0.0,0.1,0.7,3.2,9.9,10.1,42.0,117.6
Z_27.0_90.0,27.0,90.0,2026-09-10T06:09:21Z,Open-Meteo forecast (ERA5-seamless),0.0,0.1,1.0,1.4,4.6,4.7,15.8,39.4
Z_27.0_90.5,27.0,90.5,2026-09-10T06:09:21Z,Open-Meteo forecast (ERA5-seamless),0.0,0.0,0.0,0.5,3.6,3.8,16.5,31.4
Z_27.0_91.0,27.0,91.0,2026-09-10T06:09:21Z,Open-Meteo forecast (ERA5-seamless),0.2,0.5,1.6,2.6,14.9,15.0,24.6,51.3
Z_27.0_91.5,27.0,91.5,2026-09-10T06:09:21Z,Open-Meteo forecast (ERA5-seamless),0.0,0.0,0.2,0.2,5.7,5.8,19.3,54.6
Z_27.0_92.0,27.0,92.0,2026-09-10T06:09:21Z,Open-Meteo forecast (ERA5-seamless),0.0,0.0,0.0,0.0,5.0,5.3,22.7,66.5
Z_27.0_92.5,27.0,92.5,2026-09-10T06:09:21Z,Open-Meteo forecast (ERA5-seamless),0.0,0.0,0.0,0.2,1.0,1.2,12.1,46.4
Z_27.0_93.5,27.0,93.5,2026-09-10T06:09:21Z,Open-Meteo forecast (ERA5-seamless),0.0,0.0,0.0,0.0,0.3,0.3,4.7,38.9
Z_27.0_93.0,27.0,93.0,2026-09-10T06:09:21Z,Open-Meteo forecast (ERA5-seamless),0.0,0.0,0.0,0.4,1.7,2.3,12.3,48.4
Z_27.0_94.5,27.0,94.5,2026-09-10T06:09:21Z,Open-Meteo forecast (ERA5-seamless),0.0,0.0,0.0,0.0,0.0,3.7,30.6,119.3
Z_27.0_94.0,27.0,94.0,2026-09-10T06:09:21Z,Open-Meteo forecast (ERA5-seamless),0.0,0.0,0.0,0.0,0.0,0.4,14.4,94.0
Z_27.0_95.0,27.0,95.0,2026-09-10T06:09:21Z,Open-Meteo forecast (ERA5-seamless),0.0,0.0,0.0,0.0,0.0,3.4,16.4,67.3
Z_27.0_95.5,27.0,95.5,2026-09-10T06:09:21Z,Open-Meteo forecast (ERA5-seamless),0.0,0.0,0.0,0.0,2.5,3.3,27.7,69.1
Z_27.0_96.0,27.0,96.0,2026-09-10T06:09:21Z,Open-Meteo forecast (ERA5-seamless),0.0,0.0,0.0,0.0,1.3,1.4,10.8,52.3
Z_27.0_96.5,27.0,96.5,2026-09-10T06:09:21Z,Open-Meteo forecast (ERA5-seamless),0.0,0.0,0.0,0.0,2.6,3.2,8.3,37.0
Z_27.0_97.0,27.0,97.0,2026-09-10T06:09:21Z,Open-Meteo forecast (ERA5-seamless),0.1,0.2,0.2,0.2,4.2,10.1,32.3,88.0
Z_27.0_97.5,27.0,97.5,2026-09-10T06:09:21Z,Open-Meteo forecast (ERA5-seamless),0.0,0.0,0.0,0.0,0.0,2.1,20.3,91.8
Z_27.5_88.0,27.5,88.0,2026-09-10T06:09:21Z,Open-Meteo forecast (ERA5-seamless),0.3,0.6,0.7,0.7,2.8,4.4,29.8,118.2
Z_27.5_88.5,27.5,88.5,2026-09-10T06:09:21Z,Open-Meteo forecast (ERA5-seamless),0.3,1.8,10.0,14.5,17.0,20.4,58.4,255.0
Z_27.5_89.0,27.5,89.0,2026-09-10T06:09:21Z,Open-Meteo forecast (ERA5-seamless),0.2,1.9,2.6,3.6,9.2,9.4,22.3,47.0
Z_27.5_89.5,27.5,89.5,2026-09-10T06:09:21Z,Open-Meteo forecast (ERA5-seamless),0.4,0.6,0.9,2.0,10.3,11.5,41.3,78.7
Z_27.5_90.0,27.5,90.0,2026-09-10T06:09:21Z,Open-Meteo forecast (ERA5-seamless),0.3,0.9,2.5,3.7,4.5,10.2,19.5,30.9
Z_27.5_90.5,27.5,90.5,2026-09-10T06:09:21Z,Open-Meteo forecast (ERA5-seamless),0.0,0.4,1.2,2.1,3.6,4.7,9.8,26.2
Z_27.5_91.0,27.5,91.0,2026-09-10T06:09:21Z,Open-Meteo forecast (ERA5-seamless),0.0,0.0,0.3,0.3,5.5,7.1,38.0,124.3
Z_27.5_92.0,27.5,92.0,2026-09-10T06:09:21Z,Open-Meteo forecast (ERA5-seamless),0.0,0.0,0.0,0.0,1.0,1.6,12.5,52.1
Z_27.5_91.5,27.5,91.5,2026-09-10T06:09:21Z,Open-Meteo forecast (ERA5-seamless),0.3,0.5,2.5,4.9,6.5,8.9,18.1,30.2
Z_27.5_93.0,27.5,93.0,2026-09-10T06:09:21Z,Open-Meteo forecast (ERA5-seamless),0.2,0.2,0.2,0.2,0.2,0.3,9.1,42.9
Z_27.5_92.5,27.5,92.5,2026-09-10T06:09:21Z,Open-Meteo forecast (ERA5-seamless),0.0,0.1,0.4,1.5,4.7,5.1,19.8,51.4
Z_27.5_93.5,27.5,93.5,2026-09-10T06:09:21Z,Open-Meteo forecast (ERA5-seamless),0.0,0.0,0.0,0.0,0.1,0.1,27.2,145.7
Z_27.5_94.0,27.5,94.0,2026-09-10T06:09:21Z,Open-Meteo forecast (ERA5-seamless),0.0,0.0,0.0,0.1,0.9,1.3,18.2,66.6
Z_27.5_94.5,27.5,94.5,2026-09-10T06:09:21Z,Open-Meteo forecast (ERA5-seamless),0.0,0.0,0.0,0.0,0.0,0.6,17.4,115.3
Z_27.5_95.0,27.5,95.0,2026-09-10T06:09:21Z,Open-Meteo forecast (ERA5-seamless),0.0,0.0,0.0,0.0,0.0,14.3,44.6,128.6
Z_27.5_95.5,27.5,95.5,2026-09-10T06:09:21Z,Open-Meteo forecast (ERA5-seamless),0.0,0.0,0.0,0.0,0.0,7.8,21.9,60.8
Z_27.5_96.5,27.5,96.5,2026-09-10T06:09:21Z,Open-Meteo forecast (ERA5-seamless),0.0,0.0,0.0,0.0,1.9,4.7,16.6,53.9
Z_27.5_96.0,27.5,96.0,2026-09-10T06:09:21Z,Open-Meteo forecast (ERA5-seamless),0.0,0.0,0.0,0.0,0.5,0.5,9.4,67.5
Z_27.5_97.0,27.5,97.0,2026-09-10T06:09:21Z,Open-Meteo forecast (ERA5-seamless),0.0,0.0,0.0,0.2,4.3,4.5,21.8,59.5
Z_27.5_97.5,27.5,97.5,2026-09-10T06:09:21Z,Open-Meteo forecast (ERA5-seamless),0.0,0.0,0.0,0.0,0.0,1.0,29.0,92.0
Z_28.0_88.0,28.0,88.0,2026-09-10T06:09:21Z,Open-Meteo forecast (ERA5-seamless),0.0,0.1,0.2,0.3,2.0,2.1,4.5,9.2
Z_28.0_89.0,28.0,89.0,2026-09-10T06:09:21Z,Open-Meteo forecast (ERA5-seamless),0.2,0.6,0.6,0.7,1.1,1.5,4.5,21.1
Z_28.0_88.5,28.0,88.5,2026-09-10T06:09:21Z,Open-Meteo forecast (ERA5-seamless),0.3,0.7,1.0,1.1,2.6,3.4,9.3,24.8
Z_28.0_89.5,28.0,89.5,2026-09-10T06:09:21Z,Open-Meteo forecast (ERA5-seamless),0.1,0.2,0.3,0.3,0.4,0.5,11.6,64.0
Z_28.0_90.0,28.0,90.0,2026-09-10T06:09:21Z,Open-Meteo forecast (ERA5-seamless),0.5,1.5,1.8,2.0,3.6,7.0,19.8,70.0
Z_28.0_90.5,28.0,90.5,2026-09-10T06:09:21Z,Open-Meteo forecast (ERA5-seamless),0.0,0.0,0.2,0.3,2.8,2.8,10.0,23.9
Z_28.0_91.0,28.0,91.0,2026-09-10T06:09:21Z,Open-Meteo forecast (ERA5-seamless),0.4,0.5,0.6,0.6,0.8,5.2,16.2,72.0
Z_28.0_92.0,28.0,92.0,2026-09-10T06:09:21Z,Open-Meteo forecast (ERA5-seamless),0.0,0.0,0.0,0.0,3.4,4.2,10.1,21.7
Z_28.0_91.5,28.0,91.5,2026-09-10T06:09:21Z,Open-Meteo forecast (ERA5-seamless),0.1,0.2,0.2,0.2,1.3,1.9,5.2,14.6
Z_28.0_92.5,28.0,92.5,2026-09-10T06:09:21Z,Open-Meteo forecast (ERA5-seamless),0.0,0.0,0.0,0.1,0.4,1.2,7.8,35.4
Z_28.0_93.5,28.0,93.5,2026-09-10T06:09:21Z,Open-Meteo forecast (ERA5-seamless),0.2,0.2,0.2,0.7,4.2,11.4,32.8,69.0
Z_28.0_93.0,28.0,93.0,2026-09-10T06:09:21Z,Open-Meteo forecast (ERA5-seamless),0.1,0.1,0.1,0.1,3.1,4.4,43.3,116.6
Z_28.0_94.0,28.0,94.0,2026-09-10T06:09:21Z,Open-Meteo forecast (ERA5-seamless),0.1,0.1,0.1,0.2,2.4,3.4,22.5,115.8
Z_28.0_94.5,28.0,94.5,2026-09-10T06:09:21Z,Open-Meteo forecast (ERA5-seamless),0.0,0.0,0.0,0.0,1.4,1.4,10.4,47.6
Z_28.0_95.0,28.0,95.0,2026-09-10T06:09:21Z,Open-Meteo forecast (ERA5-seamless),0.0,0.0,0.0,0.0,2.7,6.4,20.8,73.2
Z_28.0_95.5,28.0,95.5,2026-09-10T06:09:21Z,Open-Meteo forecast (ERA5-seamless),0.0,0.0,0.0,0.0,0.3,0.6,9.4,81.2
Z_28.0_96.5,28.0,96.5,2026-09-10T06:09:21Z,Open-Meteo forecast (ERA5-seamless),0.3,0.3,0.3,0.3,5.2,6.4,19.0,56.8
Z_28.0_96.0,28.0,96.0,2026-09-10T06:09:21Z,Open-Meteo forecast (ERA5-seamless),0.0,0.0,0.0,0.0,0.0,2.3,17.2,78.5
Z_28.0_97.0,28.0,97.0,2026-09-10T06:09:21Z,Open-Meteo forecast (ERA5-seamless),0.5,1.4,1.5,1.6,6.1,6.3,10.2,16.9
Z_28.0_97.5,28.0,97.5,2026-09-10T06:09:21Z,Open-Meteo forecast (ERA5-seamless),0.0,0.0,0.0,0.0,1.7,2.6,14.6,68.8
Z_28.5_88.0,28.5,88.0,2026-09-10T06:09:21Z,Open-Meteo forecast (ERA5-seamless),0.2,0.3,2.7,4.5,10.1,10.9,15.3,22.3
Z_28.5_88.5,28.5,88.5,2026-09-10T06:09:21Z,Open-Meteo forecast (ERA5-seamless),0.2,0.3,0.5,0.8,1.2,1.2,3.9,24.4
Z_28.5_89.0,28.5,89.0,2026-09-10T06:09:21Z,Open-Meteo forecast (ERA5-seamless),0.0,0.0,0.0,0.0,0.7,0.8,4.8,27.1
Z_28.5_90.0,28.5,90.0,2026-09-10T06:09:21Z,Open-Meteo forecast (ERA5-seamless),0.1,0.1,0.1,1.9,3.0,3.4,8.9,17.6
Z_28.5_89.5,28.5,89.5,2026-09-10T06:09:21Z,Open-Meteo forecast (ERA5-seamless),0.0,0.0,0.0,0.0,0.5,0.5,3.0,19.4
Z_28.5_90.5,28.5,90.5,2026-09-10T06:09:21Z,Open-Meteo forecast (ERA5-seamless),0.0,0.0,0.1,0.6,0.6,0.6,9.5,21.1
Z_28.5_91.0,28.5,91.0,2026-09-10T06:09:21Z,Open-Meteo forecast (ERA5-seamless),0.0,0.0,0.0,0.0,0.2,0.2,2.2,9.3
Z_28.5_91.5,28.5,91.5,2026-09-10T06:09:21Z,Open-Meteo forecast (ERA5-seamless),0.0,0.0,0.0,0.1,1.2,1.5,5.8,11.8
Z_28.5_92.0,28.5,92.0,2026-09-10T06:09:21Z,Open-Meteo forecast (ERA5-seamless),0.0,0.0,0.0,0.3,3.6,4.0,13.6,37.4
Z_28.5_92.5,28.5,92.5,2026-09-10T06:09:21Z,Open-Meteo forecast (ERA5-seamless),0.2,0.3,0.3,0.4,1.6,2.3,10.0,29.1
Z_28.5_93.5,28.5,93.5,2026-09-10T06:09:21Z,Open-Meteo forecast (ERA5-seamless),0.1,0.7,0.9,0.9,2.0,2.9,17.6,33.5
Z_28.5_93.0,28.5,93.0,2026-09-10T06:09:21Z,Open-Meteo forecast (ERA5-seamless),0.1,0.2,0.3,0.3,1.1,1.2,9.9,36.7
Z_28.5_94.5,28.5,94.5,2026-09-10T06:09:21Z,Open-Meteo forecast (ERA5-seamless),0.0,0.0,0.1,0.2,1.6,1.6,71.2,311.7
Z_28.5_94.0,28.5,94.0,2026-09-10T06:09:21Z,Open-Meteo forecast (ERA5-seamless),0.0,0.0,0.0,0.0,1.0,1.6,11.1,33.4
Z_28.5_96.0,28.5,96.0,2026-09-10T06:09:21Z,Open-Meteo forecast (ERA5-seamless),0.9,1.1,1.8,1.8,3.9,4.6,22.8,83.4
Z_28.5_95.5,28.5,95.5,2026-09-10T06:09:21Z,Open-Meteo forecast (ERA5-seamless),0.0,0.0,0.0,0.0,5.0,6.1,12.5,41.9
Z_28.5_95.0,28.5,95.0,2026-09-10T06:09:21Z,Open-Meteo forecast (ERA5-seamless),0.0,0.0,0.0,0.0,0.6,0.6,5.2,40.7
Z_28.5_96.5,28.5,96.5,2026-09-10T06:09:21Z,Open-Meteo forecast (ERA5-seamless),0.4,1.5,2.0,2.5,7.4,11.3,25.4,61.5
Z_28.5_97.5,28.5,97.5,2026-09-10T06:09:21Z,Open-Meteo forecast (ERA5-seamless),0.8,1.6,1.7,1.9,8.2,8.9,26.9,44.4
Z_28.5_97.0,28.5,97.0,2026-09-10T06:09:21Z,Open-Meteo forecast (ERA5-seamless),0.5,0.8,1.3,1.3,2.5,4.3,8.7,18.7
Z_29.0_88.0,29.0,88.0,2026-09-10T06:09:21Z,Open-Meteo forecast (ERA5-seamless),0.1,0.2,0.8,2.2,7.0,7.1,9.6,19.3
Z_29.0_88.5,29.0,88.5,2026-09-10T06:09:21Z,Open-Meteo forecast (ERA5-seamless),1.1,1.8,3.2,3.4,5.7,9.0,20.2,42.4
Z_29.0_89.0,29.0,89.0,2026-09-10T06:09:21Z,Open-Meteo forecast (ERA5-seamless),0.0,0.0,0.1,0.8,3.8,4.0,8.7,35.3
Z_29.0_89.5,29.0,89.5,2026-09-10T06:09:21Z,Open-Meteo forecast (ERA5-seamless),0.0,0.0,0.0,0.5,3.8,3.9,13.6,37.4
Z_29.0_90.5,29.0,90.5,2026-09-10T06:09:21Z,Open-Meteo forecast (ERA5-seamless),0.2,0.3,2.1,2.8,3.2,4.8,9.4,38.7
Z_29.0_90.0,29.0,90.0,2026-09-10T06:09:21Z,Open-Meteo forecast (ERA5-seamless),0.7,1.0,1.8,5.3,6.5,8.6,21.9,42.0
Z_29.0_91.0,29.0,91.0,2026-09-10T06:09:21Z,Open-Meteo forecast (ERA5-seamless),0.0,0.0,0.0,0.0,0.5,0.7,5.2,21.8
Z_29.0_92.0,29.0,92.0,2026-09-10T06:09:21Z,Open-Meteo forecast (ERA5-seamless),0.0,0.0,0.0,0.1,3.7,3.9,10.7,40.3
Z_29.0_91.5,29.0,91.5,2026-09-10T06:09:21Z,Open-Meteo forecast (ERA5-seamless),0.0,0.0,0.0,0.4,1.7,1.9,10.8,40.5
Z_29.0_92.5,29.0,92.5,2026-09-10T06:09:21Z,Open-Meteo forecast (ERA5-seamless),2.6,3.6,4.5,5.9,8.8,9.1,17.0,48.1
Z_29.0_93.0,29.0,93.0,2026-09-10T06:09:21Z,Open-Meteo forecast (ERA5-seamless),0.0,0.0,0.0,0.0,0.7,0.9,7.3,34.7
Z_29.0_93.5,29.0,93.5,2026-09-10T06:09:21Z,Open-Meteo forecast (ERA5-seamless),0.0,0.0,0.0,0.0,1.3,1.3,4.4,13.9
Z_29.0_94.0,29.0,94.0,2026-09-10T06:09:21Z,Open-Meteo forecast (ERA5-seamless),0.0,0.0,0.0,0.0,1.0,1.9,22.5,74.4
Z_29.0_94.5,29.0,94.5,2026-09-10T06:09:21Z,Open-Meteo forecast (ERA5-seamless),0.9,1.5,1.8,1.9,3.1,3.8,39.8,126.1
Z_29.0_95.5,29.0,95.5,2026-09-10T06:09:21Z,Open-Meteo forecast (ERA5-seamless),0.0,0.0,0.0,0.4,10.3,10.8,29.6,61.6
Z_29.0_95.0,29.0,95.0,2026-09-10T06:09:21Z,Open-Meteo forecast (ERA5-seamless),1.6,2.4,2.5,2.7,3.2,10.1,30.3,106.2
Z_29.0_96.0,29.0,96.0,2026-09-10T06:09:21Z,Open-Meteo forecast (ERA5-seamless),0.0,0.0,0.0,0.0,0.6,1.1,4.1,13.2
Z_29.0_96.5,29.0,96.5,2026-09-10T06:09:21Z,Open-Meteo forecast (ERA5-seamless),0.0,0.0,0.0,0.0,0.7,2.3,6.1,17.8
Z_29.0_97.0,29.0,97.0,2026-09-10T06:09:21Z,Open-Meteo forecast (ERA5-seamless),1.0,2.0,2.1,2.1,4.8,10.5,28.2,40.5
Z_29.5_88.0,29.5,88.0,2026-09-10T06:09:21Z,Open-Meteo forecast (ERA5-seamless),0.7,1.1,1.9,2.8,3.8,15.7,21.7,41.7
Z_29.0_97.5,29.0,97.5,2026-09-10T06:09:21Z,Open-Meteo forecast (ERA5-seamless),0.1,0.1,0.1,0.2,1.7,3.7,7.2,12.2
Z_29.5_88.5,29.5,88.5,2026-09-10T06:09:21Z,Open-Meteo forecast (ERA5-seamless),0.4,1.4,3.6,5.0,6.2,14.8,23.1,55.6
Z_29.5_89.0,29.5,89.0,2026-09-10T06:09:21Z,Open-Meteo forecast (ERA5-seamless),3.5,3.9,4.3,5.1,10.9,21.7,36.6,77.2
Z_29.5_89.5,29.5,89.5,2026-09-10T06:09:21Z,Open-Meteo forecast (ERA5-seamless),0.2,1.1,2.8,2.9,5.3,6.2,14.6,30.0
Z_29.5_90.0,29.5,90.0,2026-09-10T06:09:21Z,Open-Meteo forecast (ERA5-seamless),0.2,0.7,1.4,3.0,5.9,7.3,12.8,28.8
Z_29.5_90.5,29.5,90.5,2026-09-10T06:09:21Z,Open-Meteo forecast (ERA5-seamless),1.1,1.7,2.0,2.8,8.4,9.6,22.2,47.3
Z_29.5_91.0,29.5,91.0,2026-09-10T06:09:21Z,Open-Meteo forecast (ERA5-seamless),0.9,3.3,7.2,7.5,7.8,8.2,21.5,60.1
Z_29.5_91.5,29.5,91.5,2026-09-10T06:09:21Z,Open-Meteo forecast (ERA5-seamless),0.0,0.0,0.0,0.0,1.1,2.1,8.5,27.8
Z_29.5_92.0,29.5,92.0,2026-09-10T06:09:21Z,Open-Meteo forecast (ERA5-seamless),0.1,0.4,0.6,0.9,1.9,4.5,8.7,35.7
Z_29.5_92.5,29.5,92.5,2026-09-10T06:09:21Z,Open-Meteo forecast (ERA5-seamless),0.0,0.0,0.0,0.2,0.6,0.7,9.5,24.2
Z_29.5_94.0,29.5,94.0,2026-09-10T06:09:21Z,Open-Meteo forecast (ERA5-seamless),0.0,0.0,0.0,0.0,1.6,1.6,10.3,40.1
Z_29.5_93.0,29.5,93.0,2026-09-10T06:09:21Z,Open-Meteo forecast (ERA5-seamless),0.0,0.0,0.0,0.0,1.5,1.5,8.6,24.0
Z_29.5_93.5,29.5,93.5,2026-09-10T06:09:21Z,Open-Meteo forecast (ERA5-seamless),0.0,0.0,0.0,0.0,0.9,0.9,9.9,25.1
Z_29.5_94.5,29.5,94.5,2026-09-10T06:09:21Z,Open-Meteo forecast (ERA5-seamless),0.0,0.0,0.0,0.0,0.7,0.7,5.2,18.6
Z_29.5_95.0,29.5,95.0,2026-09-10T06:09:21Z,Open-Meteo forecast (ERA5-seamless),0.0,0.0,0.0,0.0,0.9,1.1,6.7,25.7
Z_29.5_96.5,29.5,96.5,2026-09-10T06:09:21Z,Open-Meteo forecast (ERA5-seamless),0.0,0.0,0.0,0.0,0.6,0.6,2.0,5.0
Z_29.5_95.5,29.5,95.5,2026-09-10T06:09:21Z,Open-Meteo forecast (ERA5-seamless),2.5,3.3,3.3,3.3,3.3,9.2,16.7,25.9
Z_29.5_96.0,29.5,96.0,2026-09-10T06:09:21Z,Open-Meteo forecast (ERA5-seamless),0.0,0.0,0.1,0.4,3.6,3.9,9.9,41.0
Z_29.5_97.0,29.5,97.0,2026-09-10T06:09:21Z,Open-Meteo forecast (ERA5-seamless),0.1,0.1,0.1,0.1,0.1,0.1,2.7,5.1
Z_29.5_97.5,29.5,97.5,2026-09-10T06:09:21Z,Open-Meteo forecast (ERA5-seamless),0.0,0.0,0.0,0.0,0.4,0.4,6.3,11.6
