shelter_id,name,shelter_type,latitude,longitude,location_name,capacity,current_occupancy,available_beds,has_food,has_water,has_medical,has_electricity,contact_number,status,last_updated,source
SH0001,"Kohima, Nagaland Relief Shelter 1",relief_camp,25.7016,94.1024,"Kohima, Nagaland",500,44,456,False,False,True,True,+916671404204,full,2026-09-09T06:29:50Z,authority_portal
SH0002,"Mawsynram, Meghalaya Relief Shelter 2",temple,25.2624,91.6002,"Mawsynram, Meghalaya",500,151,349,False,True,False,False,+916607196157,active,2026-09-10T05:18:50Z,authority_portal
SH0003,"Silchar, Assam Relief Shelter 3",church,24.878,92.7594,"Silchar, Assam",300,275,25,False,True,False,False,+919656987906,full,2026-09-10T00:40:50Z,authority_portal
SH0004,"Silchar, Assam Relief Shelter 4",government_school,24.8014,92.8089,"Silchar, Assam",200,49,151,True,False,False,False,+918360791536,active,2026-09-08T08:50:50Z,authority_portal
SH0005,"Kohima, Nagaland Relief Shelter 5",temple,25.6832,94.1538,"Kohima, Nagaland",50,12,38,False,True,False,False,+917007310926,active,2026-09-08T10:50:50Z,authority_portal
SH0006,"Churachandpur, Manipur Relief Shelter 6",hospital,24.3281,93.6946,"Churachandpur, Manipur",100,40,60,False,False,False,True,+918429027360,inactive,2026-09-08T16:44:50Z,authority_portal
SH0007,"Guwahati, Assam Relief Shelter 7",sports_complex,26.1167,91.7602,"Guwahati, Assam",200,63,137,False,True,False,True,+918918774631,inactive,2026-09-08T15:26:50Z,authority_portal
SH0008,"Itanagar, Arunachal Relief Shelter 8",church,27.0453,93.6199,"Itanagar, Arunachal",200,124,76,True,True,True,False,+916843668735,inactive,2026-09-09T06:50:50Z,authority_portal
SH0009,"Churachandpur, Manipur Relief Shelter 9",temple,24.2861,93.6912,"Churachandpur, Manipur",50,32,18,False,False,True,True,+918369078206,inactive,2026-09-08T09:05:50Z,authority_portal
SH0010,"Imphal, Manipur Relief Shelter 10",community_hall,24.8561,93.9458,"Imphal, Manipur",200,100,100,False,True,False,False,+918192202822,active,2026-09-08T18:22:50Z,authority_portal
SH0011,"Guwahati, Assam Relief Shelter 11",sports_complex,26.1909,91.7844,"Guwahati, Assam",1000,244,756,True,False,True,True,+916683855081,full,2026-09-09T06:08:50Z,authority_portal
SH0012,"Gangtok, Sikkim Relief Shelter 12",community_hall,27.3575,88.587,"Gangtok, Sikkim",200,10,190,False,True,True,True,+918871553289,full,2026-09-08T17:24:50Z,authority_portal
SH0013,"Churachandpur, Manipur Relief Shelter 13",government_school,24.3811,93.6654,"Churachandpur, Manipur",300,23,277,False,False,False,False,+918337965699,full,2026-09-08T09:30:50Z,authority_portal
SH0014,"Itanagar, Arunachal Relief Shelter 14",sports_complex,27.0422,93.5805,"Itanagar, Arunachal",500,334,166,True,False,False,True,+919510005169,inactive,2026-09-08T13:58:50Z,authority_portal
SH0015,"Silchar, Assam Relief Shelter 15",community_hall,24.8273,92.7519,"Silchar, Assam",50,32,18,False,True,True,True,+916675844672,inactive,2026-09-09T08:40:50Z,authority_portal
SH0016,"Agartala, Tripura Relief Shelter 16",government_school,23.8297,91.2847,"Agartala, Tripura",200,184,16,True,False,True,False,+919579275417,preparing,2026-09-09T22:52:50Z,authority_portal
SH0017,"Imphal, Manipur Relief Shelter 17",community_hall,24.7805,93.9381,"Imphal, Manipur",500,303,197,True,True,True,True,+919961879157,full,2026-09-08T10:18:50Z,authority_portal
SH0018,"Jorhat, Assam Relief Shelter 18",temple,26.7671,94.182,"Jorhat, Assam",50,46,4,True,True,False,False,+918024705373,preparing,2026-09-09T22:01:50Z,authority_portal
SH0019,"Agartala, Tripura Relief Shelter 19",sports_complex,23.8398,91.3135,"Agartala, Tripura",500,73,427,False,True,False,False,+917471761915,preparing,2026-09-09T22:30:50Z,authority_portal
SH0020,"Agartala, Tripura Relief Shelter 20",government_school,23.8017,91.3228,"Agartala, Tripura",100,13,87,False,True,False,True,+916762022478,preparing,2026-09-09T12:22:50Z,authority_portal
SH0021,"Mawsynram, Meghalaya Relief Shelter 21",hospital,25.3139,91.6227,"Mawsynram, Meghalaya",50,5,45,True,False,False,True,+918242162891,preparing,2026-09-09T04:10:50Z,authority_portal
SH0022,"Dimapur, Nagaland Relief Shelter 22",sports_complex,25.8982,93.7569,"Dimapur, Nagaland",300,117,183,False,False,False,False,+918474420092,active,2026-09-09T01:38:50Z,authority_portal
SH0023,"Gangtok, Sikkim Relief Shelter 23",relief_camp,27.3412,88.6182,"Gangtok, Sikkim",100,10,90,False,True,True,False,+919193933871,active,2026-09-09T13:54:50Z,authority_portal
SH0024,"Agartala, Tripura Relief Shelter 24",temple,23.8619,91.2777,"Agartala, Tripura",1000,210,790,True,True,False,False,+918514145814,inactive,2026-09-08T12:27:50Z,authority_portal
SH0025,"Silchar, Assam Relief Shelter 25",relief_camp,24.8825,92.7686,"Silchar, Assam",200,156,44,True,True,False,False,+918072183247,full,2026-09-08T12:19:50Z,authority_portal
SH0026,"Gangtok, Sikkim Relief Shelter 26",church,27.3158,88.6343,"Gangtok, Sikkim",200,78,122,True,False,True,False,+916986860232,preparing,2026-09-10T02:41:50Z,authority_portal
SH0027,"Dimapur, Nagaland Relief Shelter 27",sports_complex,25.9051,93.7497,"Dimapur, Nagaland",300,173,127,True,True,False,False,+916022723101,active,2026-09-09T13:55:50Z,authority_portal
SH0028,"Silchar, Assam Relief Shelter 28",government_school,24.8096,92.766,"Silchar, Assam",300,45,255,True,False,False,True,+918636962116,inactive,2026-09-10T00:14:50Z,authority_portal
SH0029,"Gangtok, Sikkim Relief Shelter 29",community_hall,27.3665,88.6569,"Gangtok, Sikkim",300,5,295,False,True,True,False,+918192786308,full,2026-09-09T08:52:50Z,authority_portal
SH0030,"Itanagar, Arunachal Relief Shelter 30",government_school,27.132,93.564,"Itanagar, Arunachal",100,83,17,False,True,False,False,+917697126768,preparing,2026-09-09T13:54:50Z,authority_portal
SH0031,"Tezpur, Assam Relief Shelter 31",government_school,26.6388,92.8152,"Tezpur, Assam",1000,70,930,False,True,False,True,+918604310993,full,2026-09-08T17:18:50Z,authority_portal
SH0032,"Guwahati, Assam Relief Shelter 32",hospital,26.1451,91.7421,"Guwahati, Assam",200,44,156,False,True,True,False,+917106784665,inactive,2026-09-08T17:18:50Z,authority_portal
SH0033,"Gangtok, Sikkim Relief Shelter 33",relief_camp,27.3775,88.6097,"Gangtok, Sikkim",100,96,4,False,False,True,True,+916499368558,inactive,2026-09-09T17:14:50Z,authority_portal
SH0034,"Mawsynram, Meghalaya Relief Shelter 34",temple,25.271,91.5641,"Mawsynram, Meghalaya",100,86,14,False,False,False,True,+919009992758,inactive,2026-09-09T20:49:50Z,authority_portal
SH0035,"Agartala, Tripura Relief Shelter 35",sports_complex,23.8157,91.2923,"Agartala, Tripura",1000,766,234,True,True,False,True,+916938734379,inactive,2026-09-09T06:11:50Z,authority_portal
SH0036,"Churachandpur, Manipur Relief Shelter 36",temple,24.303,93.7065,"Churachandpur, Manipur",100,63,37,False,True,True,True,+919586042076,full,2026-09-09T01:05:50Z,authority_portal
SH0037,"Shillong, Meghalaya Relief Shelter 37",temple,25.6244,91.8926,"Shillong, Meghalaya",50,5,45,True,False,True,True,+917594276982,inactive,2026-09-08T10:59:50Z,authority_portal
SH0038,"Kohima, Nagaland Relief Shelter 38",sports_complex,25.7167,94.0866,"Kohima, Nagaland",300,93,207,True,False,True,True,+918258016513,preparing,2026-09-08T12:52:50Z,authority_portal
SH0039,"Dimapur, Nagaland Relief Shelter 39",sports_complex,25.9186,93.6975,"Dimapur, Nagaland",200,100,100,True,False,False,True,+917355711871,active,2026-09-09T08:41:50Z,authority_portal
SH0040,"Agartala, Tripura Relief Shelter 40",relief_camp,23.8177,91.323,"Agartala, Tripura",500,51,449,True,False,False,True,+917157099546,preparing,2026-09-08T18:43:50Z,authority_portal
