photo_id,uploaded_at,user_id,latitude,longitude,location_name,linked_report_id,linked_sos_id,file_name,file_size_kb,hazard_type,caption,status,source
PH0001,2026-08-30T20:56:50Z,U8894,25.3775,91.685,"Cherrapunji, Meghalaya",CR0001,SOS0001,img_0001.jpg,2018,rockfall,"Photo taken at Cherrapunji, Meghalaya showing hazard condition.",uploaded,resqnet_citizen
PH0002,2026-08-26T08:08:50Z,U7511,25.3915,91.6434,"Mawsynram, Meghalaya",CR0002,SOS0002,img_0002.jpg,157,soil_movement,"Photo taken at Mawsynram, Meghalaya showing hazard condition.",flagged,resqnet_citizen
PH0003,2026-08-11T18:11:50Z,U5295,25.5957,91.9578,"Shillong, Meghalaya",CR0003,,img_0003.jpg,1057,embankment_failure,"Photo taken at Shillong, Meghalaya showing hazard condition.",uploaded,resqnet_citizen
PH0004,2026-07-15T12:34:50Z,U4626,24.8628,92.806,"Silchar, Assam",CR0004,SOS0004,img_0004.jpg,2759,tree_fall,"Photo taken at Silchar, Assam showing hazard condition.",uploaded,resqnet_citizen
PH0005,2026-09-08T04:35:50Z,U9071,24.7402,93.8838,"Imphal, Manipur",CR0005,,img_0005.jpg,1619,tree_fall,"Photo taken at Imphal, Manipur showing hazard condition.",flagged,resqnet_citizen
PH0006,2026-07-26T00:58:50Z,U7797,26.6648,92.8593,"Tezpur, Assam",CR0006,SOS0006,img_0006.jpg,1245,landslide,"Photo taken at Tezpur, Assam showing hazard condition.",flagged,resqnet_citizen
PH0007,2026-08-27T15:26:50Z,U4868,27.1555,93.5252,"Itanagar, Arunachal",CR0007,,img_0007.jpg,2741,road_damage,"Photo taken at Itanagar, Arunachal showing hazard condition.",uploaded,resqnet_citizen
PH0008,2026-08-23T23:47:50Z,U8450,23.7498,91.2292,"Agartala, Tripura",CR0008,SOS0008,img_0008.jpg,307,road_damage,"Photo taken at Agartala, Tripura showing hazard condition.",uploaded,resqnet_citizen
PH0009,2026-07-21T11:41:50Z,U2124,24.883,93.9476,"Imphal, Manipur",CR0009,SOS0009,img_0009.jpg,1054,road_damage,"Photo taken at Imphal, Manipur showing hazard condition.",uploaded,resqnet_citizen
PH0010,2026-07-14T10:54:50Z,U5542,25.3697,91.5114,"Mawsynram, Meghalaya",,,img_0010.jpg,814,rockfall,"Photo taken at Mawsynram, Meghalaya showing hazard condition.",flagged,resqnet_citizen
PH0011,2026-09-09T01:54:50Z,U6869,25.342,91.6736,"Cherrapunji, Meghalaya",CR0011,,img_0011.jpg,314,road_crack,"Photo taken at Cherrapunji, Meghalaya showing hazard condition.",flagged,resqnet_citizen
PH0012,2026-08-08T02:07:50Z,U2041,23.8267,91.3424,"Agartala, Tripura",CR0012,,img_0012.jpg,2163,waterlogging,"Photo taken at Agartala, Tripura showing hazard condition.",flagged,resqnet_citizen
PH0013,2026-07-25T08:21:50Z,U5941,26.1361,91.829,"Guwahati, Assam",,,img_0013.jpg,1745,tree_fall,"Photo taken at Guwahati, Assam showing hazard condition.",flagged,resqnet_citizen
PH0014,2026-08-09T06:56:50Z,U8267,25.4935,91.8095,"Shillong, Meghalaya",CR0014,,img_0014.jpg,1226,road_damage,"Photo taken at Shillong, Meghalaya showing hazard condition.",reviewed,resqnet_citizen
PH0015,2026-08-07T20:25:50Z,U9282,24.8544,92.6987,"Silchar, Assam",CR0015,SOS0015,img_0015.jpg,2766,waterlogging,"Photo taken at Silchar, Assam showing hazard condition.",reviewed,resqnet_citizen
PH0016,2026-07-15T22:28:50Z,U6553,27.3969,88.5935,"Gangtok, Sikkim",CR0016,,img_0016.jpg,1380,soil_movement,"Photo taken at Gangtok, Sikkim showing hazard condition.",reviewed,resqnet_citizen
PH0017,2026-07-28T14:50:50Z,U2494,24.8834,93.8554,"Imphal, Manipur",,SOS0017,img_0017.jpg,3425,road_crack,"Photo taken at Imphal, Manipur showing hazard condition.",flagged,resqnet_citizen
PH0018,2026-08-03T12:19:50Z,U6400,26.1785,91.7184,"Guwahati, Assam",CR0018,SOS0018,img_0018.jpg,1832,landslide,"Photo taken at Guwahati, Assam showing hazard condition.",reviewed,resqnet_citizen
PH0019,2026-08-21T18:48:50Z,U9313,24.7758,92.8102,"Silchar, Assam",,,img_0019.jpg,3562,road_damage,"Photo taken at Silchar, Assam showing hazard condition.",uploaded,resqnet_citizen
PH0020,2026-08-23T11:40:50Z,U8030,25.367,91.6774,"Mawsynram, Meghalaya",CR0020,,img_0020.jpg,2732,landslide,"Photo taken at Mawsynram, Meghalaya showing hazard condition.",flagged,resqnet_citizen
PH0021,2026-07-29T07:37:50Z,U1474,24.2691,93.7235,"Churachandpur, Manipur",CR0021,,img_0021.jpg,125,road_crack,"Photo taken at Churachandpur, Manipur showing hazard condition.",uploaded,resqnet_citizen
PH0022,2026-07-29T17:50:50Z,U3324,24.8815,92.8733,"Silchar, Assam",,,img_0022.jpg,1640,tree_fall,"Photo taken at Silchar, Assam showing hazard condition.",reviewed,resqnet_citizen
PH0023,2026-08-30T18:35:50Z,U6314,27.1398,93.6188,"Itanagar, Arunachal",,,img_0023.jpg,744,landslide,"Photo taken at Itanagar, Arunachal showing hazard condition.",flagged,resqnet_citizen
PH0024,2026-08-23T15:12:50Z,U7947,25.5759,91.8817,"Shillong, Meghalaya",,SOS0024,img_0024.jpg,566,road_damage,"Photo taken at Shillong, Meghalaya showing hazard condition.",reviewed,resqnet_citizen
PH0025,2026-08-22T08:11:50Z,U8972,25.5842,91.855,"Shillong, Meghalaya",,SOS0025,img_0025.jpg,324,landslide,"Photo taken at Shillong, Meghalaya showing hazard condition.",uploaded,resqnet_citizen
PH0026,2026-07-11T23:05:50Z,U3248,25.7279,94.0665,"Kohima, Nagaland",,,img_0026.jpg,1863,road_crack,"Photo taken at Kohima, Nagaland showing hazard condition.",uploaded,resqnet_citizen
PH0027,2026-08-06T07:40:50Z,U9196,23.8432,91.3204,"Agartala, Tripura",CR0027,,img_0027.jpg,3139,landslide,"Photo taken at Agartala, Tripura showing hazard condition.",reviewed,resqnet_citizen
PH0028,2026-08-12T02:59:50Z,U6129,26.1597,91.7509,"Guwahati, Assam",CR0028,,img_0028.jpg,571,tree_fall,"Photo taken at Guwahati, Assam showing hazard condition.",uploaded,resqnet_citizen
PH0029,2026-08-30T10:25:50Z,U6928,27.002,93.6742,"Itanagar, Arunachal",,,img_0029.jpg,2246,rockfall,"Photo taken at Itanagar, Arunachal showing hazard condition.",reviewed,resqnet_citizen
PH0030,2026-08-21T06:33:50Z,U4630,25.2506,91.6596,"Cherrapunji, Meghalaya",CR0030,,img_0030.jpg,2188,waterlogging,"Photo taken at Cherrapunji, Meghalaya showing hazard condition.",reviewed,resqnet_citizen
PH0031,2026-07-25T09:02:50Z,U3419,27.0317,93.5346,"Itanagar, Arunachal",,,img_0031.jpg,3213,rockfall,"Photo taken at Itanagar, Arunachal showing hazard condition.",uploaded,resqnet_citizen
PH0032,2026-07-31T14:25:50Z,U8354,25.3342,91.6589,"Mawsynram, Meghalaya",CR0032,SOS0032,img_0032.jpg,1423,road_damage,"Photo taken at Mawsynram, Meghalaya showing hazard condition.",uploaded,resqnet_citizen
PH0033,2026-09-05T14:26:50Z,U5961,27.3907,88.6321,"Gangtok, Sikkim",CR0033,,img_0033.jpg,1991,embankment_failure,"Photo taken at Gangtok, Sikkim showing hazard condition.",uploaded,resqnet_citizen
PH0034,2026-08-17T20:50:50Z,U2479,26.1675,91.7376,"Guwahati, Assam",CR0034,,img_0034.jpg,3343,landslide,"Photo taken at Guwahati, Assam showing hazard condition.",reviewed,resqnet_citizen
PH0035,2026-07-20T11:13:50Z,U4084,24.2973,93.6781,"Churachandpur, Manipur",,,img_0035.jpg,523,road_damage,"Photo taken at Churachandpur, Manipur showing hazard condition.",flagged,resqnet_citizen
PH0036,2026-08-08T09:43:50Z,U1641,25.5283,91.8809,"Shillong, Meghalaya",CR0036,,img_0036.jpg,750,road_damage,"Photo taken at Shillong, Meghalaya showing hazard condition.",reviewed,resqnet_citizen
PH0037,2026-08-22T17:28:50Z,U6543,24.3688,93.5935,"Churachandpur, Manipur",CR0037,,img_0037.jpg,1450,rockfall,"Photo taken at Churachandpur, Manipur showing hazard condition.",flagged,resqnet_citizen
PH0038,2026-08-16T20:38:50Z,U3463,26.7176,94.2202,"Jorhat, Assam",,,img_0038.jpg,2787,tree_fall,"Photo taken at Jorhat, Assam showing hazard condition.",uploaded,resqnet_citizen
PH0039,2026-07-27T03:35:50Z,U7171,24.862,92.7446,"Silchar, Assam",,SOS0039,img_0039.jpg,3979,rockfall,"Photo taken at Silchar, Assam showing hazard condition.",flagged,resqnet_citizen
PH0040,2026-08-13T13:31:50Z,U1298,26.7234,94.1398,"Jorhat, Assam",,SOS0040,img_0040.jpg,2091,waterlogging,"Photo taken at Jorhat, Assam showing hazard condition.",uploaded,resqnet_citizen
PH0041,2026-09-01T03:36:50Z,U2657,24.8185,93.9448,"Imphal, Manipur",CR0041,,img_0041.jpg,2811,road_damage,"Photo taken at Imphal, Manipur showing hazard condition.",flagged,resqnet_citizen
PH0042,2026-08-02T17:45:50Z,U3658,24.7532,93.9754,"Imphal, Manipur",CR0042,SOS0042,img_0042.jpg,3053,embankment_failure,"Photo taken at Imphal, Manipur showing hazard condition.",uploaded,resqnet_citizen
PH0043,2026-08-17T08:08:50Z,U4891,23.9254,91.3089,"Agartala, Tripura",CR0043,SOS0043,img_0043.jpg,1058,waterlogging,"Photo taken at Agartala, Tripura showing hazard condition.",reviewed,resqnet_citizen
PH0044,2026-07-21T13:57:50Z,U4178,25.2716,91.6719,"Mawsynram, Meghalaya",CR0044,,img_0044.jpg,1254,tree_fall,"Photo taken at Mawsynram, Meghalaya showing hazard condition.",flagged,resqnet_citizen
PH0045,2026-08-15T00:02:50Z,U4271,25.9603,93.6577,"Dimapur, Nagaland",,,img_0045.jpg,3680,road_damage,"Photo taken at Dimapur, Nagaland showing hazard condition.",flagged,resqnet_citizen
PH0046,2026-09-03T07:00:50Z,U9452,24.4032,93.64,"Churachandpur, Manipur",CR0046,,img_0046.jpg,3808,road_crack,"Photo taken at Churachandpur, Manipur showing hazard condition.",reviewed,resqnet_citizen
PH0047,2026-07-11T22:02:50Z,U8391,25.6557,91.9794,"Shillong, Meghalaya",CR0047,,img_0047.jpg,1631,waterlogging,"Photo taken at Shillong, Meghalaya showing hazard condition.",reviewed,resqnet_citizen
PH0048,2026-08-17T22:53:50Z,U6221,25.665,91.9611,"Shillong, Meghalaya",CR0048,SOS0048,img_0048.jpg,663,landslide,"Photo taken at Shillong, Meghalaya showing hazard condition.",reviewed,resqnet_citizen
PH0049,2026-07-18T14:10:50Z,U3273,24.3848,93.6768,"Churachandpur, Manipur",CR0049,SOS0049,img_0049.jpg,177,soil_movement,"Photo taken at Churachandpur, Manipur showing hazard condition.",uploaded,resqnet_citizen
PH0050,2026-08-31T12:08:50Z,U9647,25.2687,91.7812,"Cherrapunji, Meghalaya",,,img_0050.jpg,1076,tree_fall,"Photo taken at Cherrapunji, Meghalaya showing hazard condition.",flagged,resqnet_citizen
PH0051,2026-08-01T15:50:50Z,U2816,25.3653,91.5825,"Mawsynram, Meghalaya",CR0051,,img_0051.jpg,2455,waterlogging,"Photo taken at Mawsynram, Meghalaya showing hazard condition.",flagged,resqnet_citizen
PH0052,2026-08-22T16:54:50Z,U6780,24.7651,93.9201,"Imphal, Manipur",CR0052,,img_0052.jpg,1577,rockfall,"Photo taken at Imphal, Manipur showing hazard condition.",flagged,resqnet_citizen
PH0053,2026-08-08T13:19:50Z,U1333,25.8781,93.724,"Dimapur, Nagaland",CR0053,SOS0053,img_0053.jpg,1138,landslide,"Photo taken at Dimapur, Nagaland showing hazard condition.",reviewed,resqnet_citizen
PH0054,2026-09-05T18:39:50Z,U2698,25.3523,91.6295,"Mawsynram, Meghalaya",CR0054,,img_0054.jpg,2336,road_damage,"Photo taken at Mawsynram, Meghalaya showing hazard condition.",flagged,resqnet_citizen
PH0055,2026-07-18T08:25:50Z,U8840,24.8433,93.9991,"Imphal, Manipur",,SOS0055,img_0055.jpg,1974,landslide,"Photo taken at Imphal, Manipur showing hazard condition.",reviewed,resqnet_citizen
PH0056,2026-09-07T22:58:50Z,U1686,23.6902,92.6796,"Aizawl, Mizoram",CR0056,SOS0056,img_0056.jpg,2039,soil_movement,"Photo taken at Aizawl, Mizoram showing hazard condition.",uploaded,resqnet_citizen
PH0057,2026-07-30T23:36:50Z,U6848,25.3704,91.4921,"Mawsynram, Meghalaya",CR0057,,img_0057.jpg,3374,road_damage,"Photo taken at Mawsynram, Meghalaya showing hazard condition.",reviewed,resqnet_citizen
PH0058,2026-08-15T06:26:50Z,U7334,24.3008,93.6204,"Churachandpur, Manipur",CR0058,,img_0058.jpg,3365,soil_movement,"Photo taken at Churachandpur, Manipur showing hazard condition.",uploaded,resqnet_citizen
PH0059,2026-08-14T03:27:50Z,U3956,26.6429,92.7568,"Tezpur, Assam",,,img_0059.jpg,1355,embankment_failure,"Photo taken at Tezpur, Assam showing hazard condition.",flagged,resqnet_citizen
PH0060,2026-08-14T00:10:50Z,U8272,26.6041,92.7011,"Tezpur, Assam",CR0060,,img_0060.jpg,1881,soil_movement,"Photo taken at Tezpur, Assam showing hazard condition.",flagged,resqnet_citizen
