event_id,latitude,longitude,event_date,trigger,category,landslide_occurrence,rainfall_1h,rainfall_3h,rainfall_6h,rainfall_12h,rainfall_24h,rainfall_3day,rainfall_7day
1054,26.8572,88.3143,2009-07-22,downpour,landslide,1,2.7,5.5,6.0,11.8,20.1,32.1,74.7
5122,25.7658,93.9413,2013-07-17,rain,mudslide,1,3.3,4.3,5.6,6.7,76.5,105.4,155.2
1061,27.478,88.527,2009-07-01,downpour,landslide,1,0.2,1.2,6.0,11.9,26.7,120.8,219.5
1055,26.8826,88.2788,2009-07-22,downpour,landslide,1,0.2,0.6,0.6,3.3,8.5,14.5,57.2
4571,27.6558,88.605,2012-09-19,downpour,landslide,1,1.4,4.7,10.0,12.4,13.8,104.8,286.3
9853,27.593,88.492,2016-08-16,rain,landslide,1,0.4,1.9,4.4,12.7,20.4,47.6,122.0
9965,26.324724,94.514651,2016-09-05,rain,landslide,1,0.2,0.2,1.1,8.6,23.9,66.7,126.9
2164,25.3098633,94.48214677,2010-07-29,downpour,landslide,1,0.0,0.0,0.0,0.8,27.7,42.9,125.3
9966,26.092493,94.257523,2016-09-05,rain,landslide,1,0.4,1.9,3.3,13.1,15.4,46.2,74.7
4569,27.8385,88.556,2012-09-19,downpour,landslide,1,1.2,5.0,8.8,10.1,12.7,79.7,179.0
5123,25.7131,94.0885,2013-07-17,rain,mudslide,1,3.3,4.3,5.6,6.7,76.5,105.4,155.2
9984,26.1445447,94.24416766,2017-07-01,downpour,landslide,1,0.5,1.4,3.9,13.5,19.3,38.1,87.2
9972,26.22247247,91.92053028,2017-07-03,continuous_rain,landslide,1,1.4,4.6,17.7,23.4,30.8,209.8,300.9
9940,26.20450454,91.87202793,2017-07-03,continuous_rain,landslide,1,0.9,7.0,15.2,18.3,25.0,148.6,211.4
9941,22.77997113,92.03513581,2017-07-02,continuous_rain,landslide,1,0.5,3.8,5.3,10.4,14.5,31.6,43.4
9952,26.10430759,91.86227824,2017-07-03,downpour,landslide,1,0.6,6.5,9.3,18.9,22.3,161.2,266.3
9974,25.4976444,94.12901274,2017-07-04,continuous_rain,landslide,1,3.5,10.6,17.8,18.4,19.4,54.1,113.6
9943,22.35037081,91.83258101,2017-06-13,continuous_rain,landslide,1,1.5,3.8,12.2,37.1,105.4,201.2,209.5
9942,22.74955141,92.22099982,2017-06-13,continuous_rain,landslide,1,0.2,1.5,8.6,28.4,97.3,184.2,216.9
9951,26.1061808,91.85158907,2017-07-03,downpour,landslide,1,0.6,6.5,9.3,18.9,22.3,161.2,266.3
9983,26.11613908,94.24222574,2017-07-01,continuous_rain,landslide,1,1.4,4.0,6.1,13.2,17.8,53.2,100.9
9998,27.98531715,94.21263589,2017-07-04,rain,landslide,1,0.2,1.5,4.1,10.4,20.5,91.5,300.3
9699,22.80452414,91.91261915,2017-06-13,downpour,landslide,1,0.8,1.6,4.0,23.9,110.4,204.0,233.7
9750,25.15246863,92.94670614,2017-06-04,continuous_rain,landslide,1,0.0,3.9,20.7,88.0,108.5,132.8,317.5
9993,27.97875751,94.26296826,2017-07-04,rain,landslide,1,0.2,1.5,4.1,10.4,20.5,91.5,300.3
9771,22.65620215,93.61589869,2017-05-29,continuous_rain,landslide,1,1.1,2.5,11.5,26.3,33.1,71.5,74.6
9877,24.21988831,93.20266204,2017-06-26,downpour,landslide,1,0.7,1.8,3.5,5.6,21.0,54.6,92.3
9746,23.19807165,94.29816252,2017-06-05,unknown,rock_fall,1,0.0,0.0,0.0,0.0,0.0,0.0,93.9
9982,26.3312531,94.55427723,2017-07-01,downpour,landslide,1,0.5,2.3,4.2,11.6,20.9,75.3,169.0
9829,27.06992579,93.6146564,2017-06-19,unknown,landslide,1,0.3,1.1,2.1,2.5,5.8,104.8,258.4
9994,27.02149311,88.25902123,2017-07-06,continuous_rain,landslide,1,0.6,1.6,2.8,4.9,9.9,52.0,202.9
9741,26.9653186,88.2667225,2017-06-05,rain,landslide,1,0.4,9.1,15.8,42.8,60.6,84.5,138.3
9989,23.69461107,92.87641207,2017-06-28,other,landslide,1,4.5,8.8,14.8,15.6,17.4,43.8,84.8
9976,26.90298048,88.29518925,2017-07-05,continuous_rain,landslide,1,0.0,0.0,0.4,5.4,21.1,51.6,193.9
9733,23.86469956,91.8949662,2017-06-03,continuous_rain,landslide,1,0.1,0.8,2.7,3.2,4.7,21.8,111.9
9721,22.59420297,92.16404889,2017-06-12,rain,landslide,1,5.1,13.9,34.4,71.0,86.1,103.9,124.8
9869,26.88161,95.399897,2016-08-16,other,landslide,1,0.2,0.6,0.6,3.8,22.4,31.3,69.0
9876,24.30415689,93.18182448,2017-06-27,downpour,landslide,1,0.5,2.5,6.3,11.5,15.8,56.0,92.0
9697,22.65242372,92.15898865,2017-06-13,downpour,landslide,1,0.3,1.0,2.5,19.3,92.0,184.3,217.9
9701,22.80452414,91.91261915,2017-06-13,downpour,landslide,1,0.8,1.6,4.0,23.9,110.4,204.0,233.7
9703,22.44394492,91.97239273,2017-06-13,downpour,landslide,1,0.6,1.5,4.5,24.9,88.8,188.3,207.4
9743,27.05909317,93.54235868,2017-06-04,unknown,landslide,1,0.1,0.3,0.5,22.4,74.8,101.9,175.8
9742,25.67061161,94.11844319,2017-06-02,continuous_rain,landslide,1,0.5,0.6,0.7,4.2,11.2,105.8,167.1
9834,27.05880384,93.54136779,2017-06-21,rain,landslide,1,0.0,0.7,2.0,3.1,5.6,18.4,130.9
9875,24.32420539,93.15020652,2017-06-26,downpour,landslide,1,0.7,1.8,3.5,5.6,21.0,54.6,92.3
9745,24.19467451,91.82931979,2017-06-03,rain,landslide,1,0.4,0.7,2.6,4.5,7.4,44.9,145.1
9712,23.73354779,92.74744512,2017-06-10,rain,landslide,1,0.0,0.0,0.0,0.7,23.9,50.3,63.3
9715,22.59420297,92.16404889,2017-06-12,rain,landslide,1,5.1,13.9,34.4,71.0,86.1,103.9,124.8
9704,25.11956675,94.36416626,2017-06-12,continuous_rain,mudslide,1,2.7,8.7,14.3,16.7,37.0,46.3,53.7
9698,22.65242372,92.15898865,2017-06-13,downpour,landslide,1,0.3,1.0,2.5,19.3,92.0,184.3,217.9
9789,25.907233,91.881892,2017-05-26,rain,landslide,1,0.0,4.3,4.7,5.1,5.8,17.1,26.3
9785,27.54295099,88.59676956,2017-05-26,rain,landslide,1,1.6,2.3,3.4,5.2,8.5,26.2,73.7
9934,27.01145644,92.64204045,2017-07-01,continuous_rain,landslide,1,0.9,3.7,14.3,49.1,66.2,105.9,224.7
9904,25.660517,94.104931,2016-08-25,rain,mudslide,1,0.5,2.2,3.3,3.6,3.6,9.5,36.5
9917,24.768609,92.821182,2016-09-01,flooding,landslide,1,1.6,2.9,8.0,13.0,19.4,39.8,83.8
9931,25.06657276,93.9310888,2017-06-30,downpour,landslide,1,0.3,1.4,2.0,4.7,8.5,26.5,53.2
9933,27.04768643,93.61899644,2017-06-30,downpour,landslide,1,0.9,2.3,8.1,12.5,15.0,28.1,71.0
9770,23.73941422,92.71505961,2017-06-01,tropical_cyclone,landslide,1,1.1,2.5,3.0,3.7,6.1,68.5,116.9
9932,27.10647226,93.65975252,2017-07-01,downpour,landslide,1,0.2,1.4,5.3,17.1,51.2,102.5,162.3
9797,27.769793,93.50995626,2017-05-24,rain,mudslide,1,1.8,6.2,10.6,15.2,29.4,73.4,203.1
9935,27.08168565,93.60815652,2017-07-01,continuous_rain,landslide,1,0.2,1.5,7.0,20.1,43.9,65.5,114.2
9948,24.95178179,94.20340026,2017-07-01,rain,landslide,1,0.8,2.5,3.6,4.3,8.6,28.7,59.8
9949,26.10035658,91.87351723,2017-07-03,downpour,landslide,1,0.6,6.5,9.3,18.9,22.3,161.2,266.3
10004,26.14547804,91.79364785,2017-07-10,continuous_rain,landslide,1,1.0,3.1,8.7,15.7,24.3,89.6,241.9
5084,25.616,94.1167,2013-07-12,downpour,landslide,1,0.3,1.4,1.5,4.3,27.7,44.4,91.0
2312,27.5,90.5034,2010-08-23,downpour,landslide,1,8.5,14.5,17.2,18.6,30.5,128.1,269.6
1050,26.87324244,88.29184021,2009-07-03,rain,landslide,1,0.2,0.6,3.0,18.1,61.1,139.1,388.8
311,22.5333,89.4,2007-10-15,rain,mudslide,1,1.0,1.9,2.2,5.6,13.3,16.7,168.8
3986,27.0605,88.255,2011-09-25,downpour,landslide,1,0.3,2.0,4.3,9.1,25.9,44.3,104.4
2566,25.4769,94.1351,2010-10-08,downpour,mudslide,1,0.6,1.6,2.9,8.2,22.6,54.9,83.1
7370,24.1419,94.1078,2015-08-01,continuous_rain,landslide,1,7.2,25.6,51.5,72.0,164.5,330.8,493.5
1961,25.8833,91.2,2010-06-09,downpour,landslide,1,0.3,0.8,3.9,27.1,37.5,53.9,175.1
1109,25.5215,93.1645,2009-08-20,downpour,landslide,1,0.3,0.3,0.3,0.4,3.7,7.5,102.2
2578,25.3179,94.0462,2010-10-09,downpour,landslide,1,1.9,8.1,12.6,19.7,29.5,65.9,78.1
595,26.885,88.2778,2008-06-20,rain,landslide,1,0.5,0.7,0.8,2.0,47.4,99.8,228.8
322,24.75,93.4333,2007-10-21,rain,landslide,1,0.3,0.9,0.9,4.9,11.1,17.5,75.5
2117,27.8122,89.9019,2010-07-22,downpour,landslide,1,1.0,2.0,3.0,8.7,19.9,88.6,162.7
5552,25.0985,94.3619,2013-09-24,unknown,landslide,1,0.0,0.0,0.1,0.9,1.5,2.8,11.2
3621,26.88,88.28,2011-06-17,downpour,mudslide,1,1.9,1.9,2.5,4.6,5.5,19.4,60.9
1993,26.8073,88.3162,2010-06-16,downpour,landslide,1,1.2,4.3,5.4,9.7,12.1,22.8,64.1
6020,24.5784,91.7227,2014-05-10,rain,landslide,1,0.2,0.8,1.9,7.1,13.9,129.7,212.4
5834,22.3475,91.8123,2014-02-03,unknown,landslide,1,0.0,0.0,0.0,0.0,0.0,0.0,0.0
7031,27.6163,88.6586,2015-05-24,unknown,landslide,1,0.7,1.3,2.7,10.2,21.1,117.9,184.1
9073,22.1306,95.5488,2015-12-17,mining,landslide,1,0.0,0.0,0.0,0.0,0.0,0.2,0.2
57,27.4459,88.6193,2007-04-11,downpour,landslide,1,0.1,1.8,2.6,7.2,12.8,75.2,148.0
147,22.533,92.899,2007-07-30,downpour,landslide,1,0.0,0.0,0.0,0.0,1.3,11.9,57.2
1611,25.1553,93.028,2010-04-01,downpour,landslide,1,2.0,3.2,9.0,12.1,20.4,116.3,124.3
2025,25.5728,91.885,2010-06-28,downpour,landslide,1,1.1,5.2,8.6,18.8,45.8,134.2,288.0
5343,24.7625,93.4341,2013-08-17,continuous_rain,landslide,1,0.8,2.7,5.9,10.4,12.5,35.6,78.9
6971,27.0987,93.816,2015-06-09,continuous_rain,landslide,1,0.6,2.8,8.4,19.2,43.3,84.2,148.7
9405,26.7223,95.0243,2016-04-19,continuous_rain,landslide,1,1.0,1.1,1.1,4.7,23.1,61.8,83.8
4382,25.1175,92.8573,2012-06-03,downpour,landslide,1,2.6,5.1,7.7,8.8,19.9,148.1,185.5
1112,27.1761,88.5287,2009-08-20,downpour,mudslide,1,0.9,3.6,9.3,12.4,24.5,146.9,499.8
5431,24.9829,93.5063,2013-09-01,continuous_rain,mudslide,1,0.0,0.0,0.0,0.0,1.0,4.8,81.7
78,27.3383,88.6069,2007-05-23,rain,landslide,1,1.3,3.3,5.7,10.1,12.4,27.8,72.7
2253,25.31006064,94.48265093,2010-08-15,downpour,landslide,1,0.2,0.6,1.8,10.3,16.9,45.0,110.5
9119,26.0746,97.3668,2015-12-25,mining,landslide,1,0.0,0.0,0.0,0.0,0.0,0.0,12.6
3997,27.5161,88.5575,2011-09-30,unknown,landslide,1,0.0,1.5,2.0,2.9,4.5,7.8,76.0
2424,23.591,92.9296,2010-09-13,downpour,landslide,1,0.2,0.9,1.0,5.6,6.7,26.8,61.7
3672,25.5125,93.3613,2011-06-29,downpour,landslide,1,0.0,0.0,0.0,0.2,1.1,12.5,24.4
1108,24.9925,93.5,2009-08-20,downpour,landslide,1,0.2,0.9,1.9,2.9,7.1,18.0,84.0
6105,28.9205,95.3429,2014-06-26,continuous_rain,landslide,1,0.1,0.2,1.0,4.4,9.2,50.1,151.3
9168,27.6438,93.871,2016-06-12,downpour,landslide,1,0.2,0.3,0.3,11.2,11.6,37.9,139.7
7021,27.0076,88.251,2015-06-27,downpour,landslide,1,1.2,2.5,4.6,13.7,22.2,51.7,120.9
2555,22.6461,97.3193,2010-10-06,downpour,landslide,1,0.0,0.0,0.0,0.0,0.0,1.1,25.3
8012,25.9703,91.8584,2015-09-06,unknown,landslide,1,0.6,6.0,7.5,7.5,8.0,70.4,466.5
7335,25.5145,90.2023,2015-08-18,continuous_rain,landslide,1,2.1,5.3,9.6,19.4,41.4,72.0,99.0
587,27.2298,94.0989,2008-06-15,downpour,landslide,1,0.0,0.1,0.1,2.5,38.4,86.1,135.0
6019,24.4136,91.7561,2014-05-10,rain,landslide,1,0.2,0.8,1.9,7.1,13.9,129.7,212.4
3560,24.8286,93.5935,2011-05-31,downpour,landslide,1,0.9,5.8,9.8,17.4,29.2,68.0,100.9
3804,23.7118,90.4077,2011-07-19,downpour,landslide,1,0.8,0.8,1.0,4.3,12.5,25.8,39.9
141,25.38,91.88,2007-07-26,rain,landslide,1,3.8,12.6,28.5,62.7,87.0,190.6,346.5
3983,26.1548,91.7351,2011-09-23,downpour,landslide,1,0.0,0.2,0.2,2.1,27.4,65.0,145.7
148,22.479,92.967,2007-07-30,downpour,landslide,1,0.0,0.0,0.0,0.0,1.3,11.9,57.2
1775,27.8965,96.1779,2010-04-21,downpour,landslide,1,1.5,1.6,1.6,3.6,36.5,89.4,210.9
1094,27.15977181,88.63411246,2009-08-16,downpour,landslide,1,3.7,11.6,21.3,51.6,138.3,318.4,404.4
3663,25.6682,94.1099,2011-06-28,downpour,landslide,1,2.9,8.3,11.3,16.5,31.6,66.2,111.4
3643,27.2879,88.2579,2011-06-23,downpour,landslide,1,1.7,3.4,4.4,9.4,19.6,48.5,160.6
2575,25.5242,92.9914,2010-10-09,downpour,landslide,1,2.0,7.7,18.2,35.8,51.7,96.6,108.0
3840,24.6869,93.9157,2011-07-25,downpour,landslide,1,0.0,1.7,1.7,5.2,5.3,16.6,92.9
7385,24.004,93.9815,2015-08-01,continuous_rain,landslide,1,3.9,20.7,49.3,79.5,209.3,471.8,640.6
9681,27.21898773,89.5187916,2010-05-21,downpour,landslide,1,0.2,0.4,0.5,1.4,7.5,39.1,45.2
1027,24.3083,91.7333,2009-05-18,downpour,mudslide,1,2.1,3.1,4.2,15.3,16.9,43.7,93.2
1064,22.2251,92.19,2009-07-31,downpour,landslide,1,0.8,3.0,4.6,8.1,34.3,79.2,132.2
6015,27.9032,96.174,2014-05-08,rain,mudslide,1,1.7,6.1,13.7,23.4,29.4,33.1,39.4
3741,25.4191,94.1079,2011-07-07,rain,landslide,1,0.0,0.5,1.5,6.4,7.5,36.0,122.0
7696,27.4373,90.4678,2015-08-14,mining,landslide,1,3.1,11.5,20.8,30.5,37.4,49.8,100.6
2106,26.8716,94.9921,2010-07-20,downpour,landslide,1,6.5,16.8,23.4,28.7,46.3,90.9,172.6
870,27.4,92.35,2008-10-29,downpour,mudslide,1,0.0,0.2,0.3,1.6,12.2,126.7,132.6
210,27.0713,88.4308,2007-08-25,rain,landslide,1,0.4,1.4,1.5,1.9,31.1,56.4,70.5
9051,26.09748244,91.8744337,2016-07-19,unknown,landslide,1,0.3,0.8,0.9,0.9,26.0,109.0,190.7
2392,27.3702,88.7334,2010-09-04,downpour,landslide,1,0.7,1.9,2.9,5.4,15.8,45.6,134.2
1037,26.89,88.47,2009-06-17,downpour,mudslide,1,4.1,11.4,16.4,17.7,19.1,24.4,35.2
3830,24.3527,94.3429,2011-07-22,downpour,landslide,1,0.0,0.4,1.2,5.7,14.5,94.2,173.0
1091,27.02459801,88.43849551,2009-08-16,downpour,landslide,1,8.0,21.2,45.3,86.7,97.5,282.5,354.5
151,26.8905,88.2789,2007-08-02,rain,mudslide,1,0.6,1.6,2.1,4.1,16.6,44.6,299.6
7076,26.9282,88.4553,2015-07-04,unknown,landslide,1,0.8,1.4,5.8,8.1,18.3,119.0,203.1
4906,26.0977,94.7499,2013-06-07,unknown,landslide,1,0.4,1.3,2.2,4.4,6.3,11.8,26.1
2261,26.9435,88.4445,2010-08-17,downpour,landslide,1,2.3,5.3,10.2,18.3,35.8,120.3,202.6
9333,25.1622,92.0104,2016-02-25,mining,landslide,1,0.0,0.3,5.7,12.0,23.0,23.0,33.6
218,27.0096,88.2548,2007-08-29,rain,landslide,1,0.2,1.0,2.3,5.8,16.9,36.7,113.3
93,26.7324,88.4089,2007-06-13,rain,landslide,1,0.0,0.0,0.0,0.1,0.2,239.9,265.0
3269,28.0791,96.5242,2011-03-22,downpour,landslide,1,3.0,15.4,24.9,33.5,97.7,203.3,232.0
9603,26.8861,88.1704,2016-10-12,downpour,landslide,1,4.7,5.0,8.3,33.3,43.6,113.8,144.6
6990,26.0319,94.5466,2015-06-24,continuous_rain,landslide,1,0.4,2.3,7.4,24.1,32.9,78.2,111.9
1755,27.3341,88.6083,2010-04-17,downpour,landslide,1,0.4,2.0,2.6,3.2,3.2,6.9,25.6
4313,28.4659,95.86,2012-04-08,downpour,landslide,1,1.2,3.1,4.6,9.1,25.9,118.2,122.1
9169,26.1677,94.2442,2016-06-12,continuous_rain,landslide,1,0.1,0.3,0.3,0.6,4.9,72.2,103.8
1995,27.0765,88.4808,2010-06-16,rain,landslide,1,0.5,1.9,2.3,4.9,6.4,14.0,62.0
4435,27.174,95.8011,2012-06-25,downpour,landslide,1,3.8,14.8,25.5,30.2,43.4,109.8,224.1
6222,27.1249,93.7706,2014-10-01,unknown,landslide,1,0.0,0.0,0.0,0.0,0.0,2.7,64.1
5271,26.284,94.5808,2013-08-04,continuous_rain,landslide,1,0.0,0.0,0.0,3.1,3.8,27.3,67.3
7263,25.4477,94.0489,2015-07-22,continuous_rain,landslide,1,1.1,2.0,3.2,10.9,31.4,81.4,179.3
2344,24.7505,93.4221,2010-08-27,downpour,landslide,1,0.3,0.7,1.1,3.6,6.0,31.9,59.1
7369,24.1988,94.1016,2015-08-01,continuous_rain,landslide,1,7.2,25.6,51.5,72.0,164.5,330.8,493.5
2360,27.7276,88.0446,2010-08-29,downpour,landslide,1,0.0,0.0,0.0,2.9,4.2,10.8,59.3
4377,26.1475,91.7356,2012-06-02,downpour,landslide,1,0.0,0.0,0.0,1.4,11.5,56.7,77.2
5430,24.9037,93.487,2013-09-01,continuous_rain,mudslide,1,0.0,0.0,0.0,0.0,1.0,4.8,81.7
4892,27.8776,94.25,2013-06-01,downpour,landslide,1,0.6,0.8,1.1,2.8,24.3,91.9,117.5
3525,25.0672,93.4093,2011-05-22,downpour,landslide,1,0.6,1.4,2.4,5.9,17.6,56.3,93.5
4424,26.149,91.7351,2012-06-20,downpour,landslide,1,4.8,14.6,23.6,32.9,35.2,54.0,114.0
9220,27.1027,88.1218,2016-07-26,downpour,landslide,1,0.6,1.3,5.6,32.0,172.7,240.5,621.8
7264,25.4538,93.9827,2015-07-22,continuous_rain,landslide,1,1.1,2.0,3.2,10.9,31.4,81.4,179.3
5006,26.1147,94.3864,2013-07-01,downpour,landslide,1,2.5,3.6,7.4,20.4,30.8,58.0,110.3
8280,22.3496,91.8138,2015-09-21,rain,landslide,1,1.0,3.5,7.5,13.7,18.0,53.7,56.0
85,22.6368,92.1453,2007-06-11,downpour,mudslide,1,0.0,0.0,0.0,4.0,15.6,30.1,64.4
7279,24.9818,93.5142,2015-07-24,monsoon,mudslide,1,1.3,3.8,7.0,12.8,19.7,95.8,190.4
1963,26.944,88.4441,2010-06-11,downpour,landslide,1,0.0,0.5,1.5,2.9,9.1,36.5,78.5
9335,24.5202,92.7239,2016-05-18,continuous_rain,landslide,1,1.9,5.9,10.4,17.4,34.2,48.4,93.7
6288,26.1985,91.7998,2014-09-22,rain,landslide,1,0.4,0.4,0.5,9.3,20.9,106.7,129.1
256,27.3425,88.6236,2007-09-10,rain,landslide,1,1.9,14.8,26.1,39.8,78.4,251.8,440.9
6966,26.9974,88.4314,2015-06-17,downpour,landslide,1,0.8,2.5,3.1,3.1,13.3,38.5,87.6
258,24.4279,94.0564,2007-09-11,rain,landslide,1,0.0,0.2,0.4,0.9,1.9,11.1,130.6
5087,25.6269,94.1139,2013-07-12,downpour,landslide,1,5.0,7.0,10.2,11.8,14.6,21.7,73.3
2411,27.0011,93.7273,2010-09-10,downpour,landslide,1,0.5,1.3,2.1,9.5,15.3,39.6,96.1
5338,26.8727,94.9275,2013-08-16,rain,landslide,1,3.3,7.5,16.0,23.9,30.2,54.8,120.7
4908,27.3721,88.708,2013-06-08,downpour,landslide,1,0.5,1.9,5.9,10.8,15.6,49.8,90.4
9338,24.4638,92.4943,2016-05-18,continuous_rain,landslide,1,1.5,6.9,12.3,26.8,45.0,66.6,110.0
2282,26.1984,94.8158,2010-08-19,downpour,landslide,1,3.2,7.8,11.8,15.1,27.7,52.8,135.5
6143,23.7327,92.7463,2014-07-14,downpour,landslide,1,0.4,0.8,5.2,13.0,19.4,106.3,131.6
9124,25.203,90.5573,2016-07-19,continuous_rain,translational_slide,1,0.8,0.8,1.4,3.3,38.9,132.3,159.9
2421,23.75406693,92.74128531,2010-09-13,downpour,landslide,1,0.6,0.8,2.5,3.7,8.3,19.6,44.8
2249,26.0814,94.803,2010-08-14,downpour,landslide,1,0.2,0.7,3.3,7.5,12.1,31.6,53.7
8901,25.7902,94.1318,2016-07-10,downpour,landslide,1,0.1,0.5,1.0,2.9,3.7,15.7,126.1
6016,24.8669,92.3576,2014-05-09,rain,landslide,1,4.4,12.9,22.7,29.8,53.9,160.1,224.1
215,25.7428,93.9136,2007-08-28,rain,landslide,1,0.0,1.2,6.0,6.8,61.0,112.0,141.6
2283,24.8961,93.4957,2010-08-19,downpour,mudslide,1,0.2,0.7,1.2,2.5,4.7,33.9,124.0
5533,27.0599,88.4674,2013-09-16,downpour,landslide,1,0.0,0.0,0.0,0.0,0.0,1.7,13.4
7044,26.8366,88.0839,2015-07-01,downpour,landslide,1,0.1,0.2,0.2,4.2,15.7,39.8,97.7
4552,27.0377,88.3603,2012-09-14,downpour,landslide,1,4.0,9.5,13.8,20.7,78.5,112.3,130.0
1099,27.044,89.5744,2009-08-18,downpour,landslide,1,0.7,3.3,4.8,6.3,16.5,333.5,597.9
2281,25.61560252,94.11603493,2010-08-19,downpour,landslide,1,0.4,1.3,6.0,10.1,13.1,22.3,72.7
1996,26.4333,94.8833,2010-06-17,downpour,landslide,1,3.7,7.4,12.0,15.0,15.6,43.5,112.9
7780,23.3572,92.7878,2015-08-26,continuous_rain,landslide,1,0.0,0.0,0.0,2.4,5.2,19.3,104.7
6283,26.1314,91.7548,2014-09-22,rain,landslide,1,0.4,0.4,0.5,9.3,20.9,106.7,129.1
260,27.2084,88.4909,2007-09-11,rain,debris_flow,1,0.6,1.3,5.0,11.8,18.2,161.1,448.8
869,27.2333,94.1167,2008-10-29,downpour,landslide,1,0.0,0.0,0.0,0.0,0.7,45.6,45.7
6656,25.6172,96.3005,2015-01-06,downpour,other,1,0.0,0.0,0.0,0.0,0.0,6.3,6.3
3662,25.03561729,94.0144205,2011-06-28,rain,landslide,1,0.0,0.3,0.7,3.9,8.0,19.2,40.8
285,24.1293,92.6921,2007-09-29,rain,landslide,1,1.6,2.6,2.6,2.6,4.7,19.8,28.9
8930,26.1699,94.4922,2016-07-11,unknown,landslide,1,0.0,0.2,1.4,7.6,10.2,37.1,103.5
4905,26.0977,94.7031,2013-06-07,unknown,landslide,1,0.4,1.3,2.2,4.4,6.3,11.8,26.1
5427,25.3833,94.1884,2013-08-15,downpour,landslide,1,0.5,1.6,1.9,5.2,19.8,49.9,148.1
8339,26.1666,91.7042,2015-09-23,continuous_rain,landslide,1,2.0,7.1,9.1,13.0,24.2,131.4,153.8
9186,25.48,94.1383,2016-07-25,continuous_rain,landslide,1,0.9,3.6,6.4,9.1,16.7,43.5,82.9
8955,25.0821,91.7783,2015-11-16,unknown,landslide,1,0.0,0.0,0.0,0.0,0.0,0.0,0.0
6792,25.1472,91.7483,2015-02-22,mining,mudslide,1,0.0,0.0,0.0,0.1,5.1,5.7,12.4
5107,25.6269,94.1139,2013-07-15,rain,landslide,1,0.3,1.8,4.4,11.3,14.6,47.4,82.9
6286,26.1044,91.7082,2014-09-22,rain,landslide,1,0.4,0.4,0.4,10.0,22.0,127.8,141.4
7253,24.7979,92.9974,2015-07-22,continuous_rain,landslide,1,1.2,8.5,17.2,23.3,47.1,117.8,350.7
1089,26.7914,88.363,2009-08-16,downpour,landslide,1,1.6,4.7,10.8,15.7,24.0,116.2,196.5
6782,26.8545,88.3372,2011-09-28,rain,landslide,1,0.0,0.0,0.1,2.5,52.8,110.4,205.3
594,24.9336,93.8275,2008-06-19,monsoon,mudslide,1,0.3,0.7,1.3,2.0,6.9,28.6,60.0
7040,26.9978,88.167,2015-07-01,downpour,landslide,1,0.2,6.4,10.0,11.7,15.4,53.4,94.6
3881,27.1034,93.6885,2011-08-05,downpour,landslide,1,1.4,3.4,6.8,14.6,22.7,42.4,59.1
5337,26.4205,94.9731,2013-08-16,rain,landslide,1,2.1,4.3,6.3,10.3,14.6,32.1,84.6
7383,23.899,94.1434,2015-08-01,rain,landslide,1,2.7,15.1,34.5,65.4,193.0,512.5,745.6
3925,27.4888,93.0153,2011-08-15,downpour,landslide,1,3.6,10.9,16.3,19.5,28.6,60.4,133.4
8900,25.0118,94.3136,2016-07-07,monsoon,landslide,1,0.1,0.9,3.2,4.7,5.4,32.6,159.4
4757,28.1193,95.1645,2013-02-18,rain,landslide,1,0.8,4.4,8.9,11.4,12.0,12.1,12.1
4579,26.8016,88.0499,2012-10-01,downpour,landslide,1,0.0,0.1,1.3,1.9,3.9,6.0,10.3
7666,25.1019,93.3729,2015-08-11,continuous_rain,landslide,1,0.0,0.0,0.0,1.3,23.2,33.8,68.6
9308,24.9007,91.8644,2016-02-16,mining,rock_fall,1,0.0,0.0,0.0,0.0,0.0,0.0,9.3
4432,22.3312,91.8252,2012-06-24,downpour,landslide,1,1.6,3.3,6.6,11.6,29.7,60.3,77.5
3813,27.1141,88.4658,2011-07-20,rain,landslide,1,2.1,5.1,8.8,50.0,139.0,168.4,377.9
2113,27.3773,88.559,2010-07-21,downpour,landslide,1,2.9,8.0,19.2,44.2,64.3,143.6,290.3
2045,26.2363,94.8133,2010-07-06,monsoon,mudslide,1,0.1,0.2,1.7,2.2,4.2,43.3,98.4
9321,22.6239,91.6743,2016-05-21,tropical_cyclone,landslide,1,1.9,3.3,5.6,9.7,44.3,141.5,162.6
7701,25.6278,94.1051,2015-08-19,continuous_rain,landslide,1,0.8,7.8,12.0,18.4,20.7,30.3,56.3
2422,23.74182634,92.7141905,2010-09-13,downpour,landslide,1,0.0,0.3,0.3,2.7,4.9,17.1,41.7
6513,23.0137,91.7174,2014-08-14,downpour,mudslide,1,0.6,1.4,1.8,4.5,11.2,37.8,83.3
318,22.894,91.5327,2007-10-19,unknown,landslide,1,0.0,0.0,0.0,2.4,10.7,42.8,96.2
4990,27.3765,88.7628,2013-06-27,downpour,landslide,1,0.4,2.3,4.8,13.3,24.4,83.6,192.5
2248,26.222,94.9152,2010-08-14,downpour,landslide,1,1.2,5.2,9.5,22.1,26.2,56.4,107.4
5268,26.0137,94.5163,2013-08-04,continuous_rain,landslide,1,0.0,0.0,0.0,0.7,1.3,21.3,33.5
3965,24.808,93.117,2011-09-06,rain,landslide,1,0.0,0.0,0.4,1.8,11.2,39.3,84.1
6106,26.1407,91.7645,2014-06-26,continuous_rain,landslide,1,2.5,8.5,15.5,22.9,27.8,36.6,216.0
7838,23.6866,93.017,2015-08-27,downpour,landslide,1,1.6,3.4,4.3,5.9,16.6,33.9,90.3
1092,26.74452462,88.40011959,2009-08-16,downpour,landslide,1,1.0,2.7,5.3,15.0,27.0,144.8,209.1
7035,25.4243,88.2746,2015-06-30,downpour,landslide,1,0.7,0.8,0.8,5.2,5.3,37.7,80.3
1111,27.1344,88.4575,2009-08-20,downpour,landslide,1,0.9,3.6,9.3,12.4,24.5,146.9,499.8
2044,25.8877,94.7861,2010-07-06,monsoon,mudslide,1,0.4,0.9,1.8,3.2,4.2,39.2,90.7
6969,25.5114,90.215,2015-06-16,downpour,landslide,1,0.0,0.1,2.0,5.4,13.4,58.3,286.8
2587,25.6623,94.1072,2010-10-10,downpour,landslide,1,0.0,0.0,0.0,0.3,6.0,58.6,99.5
8684,25.9611,91.3681,2016-07-07,continuous_rain,landslide,1,6.7,13.9,26.3,35.3,77.7,190.7,397.0
1596,24.7339,93.9161,2010-03-27,downpour,mudslide,1,0.0,0.0,0.4,2.4,2.4,2.4,2.4
1771,26.1978,91.7665,2010-04-20,downpour,landslide,1,0.4,1.4,6.0,16.6,23.5,96.2,133.3
7364,24.819,94.3551,2015-07-31,continuous_rain,landslide,1,3.1,10.2,19.3,35.5,69.4,147.0,269.9
3680,22.344,91.8161,2011-07-01,downpour,landslide,1,2.5,6.8,11.2,14.7,24.3,107.0,261.3
10007,26.19037705,91.77306002,2017-07-10,continuous_rain,landslide,1,1.0,3.1,8.7,15.7,24.3,89.6,241.9
6968,25.463,92.2121,2015-06-13,continuous_rain,landslide,1,1.7,10.6,27.2,58.3,163.0,334.4,391.0
7373,24.9111,94.4759,2015-08-01,continuous_rain,landslide,1,1.8,5.4,7.7,18.8,58.8,155.4,244.8
4570,27.8458,95.2253,2012-09-19,downpour,landslide,1,2.8,5.0,6.7,9.9,25.7,81.1,198.5
1935,23.8986,91.7599,2010-06-03,downpour,landslide,1,0.3,1.4,1.9,3.1,4.6,19.6,130.3
7276,26.1062,91.8717,2015-07-25,continuous_rain,landslide,1,0.0,0.0,0.0,5.7,17.1,171.4,314.0
10008,26.7973,88.1389,2016-08-09,continuous_rain,landslide,1,0.0,0.0,0.0,0.0,2.5,35.4,63.8
2577,25.5265,93.8673,2010-10-09,downpour,landslide,1,1.3,5.5,10.4,17.2,27.9,64.1,83.4
1102,27.2644,88.1365,2009-08-19,downpour,landslide,1,1.4,4.2,6.0,17.2,33.7,153.1,349.1
2576,25.4788,94.1399,2010-10-09,downpour,landslide,1,1.5,6.1,9.8,15.7,25.0,69.3,93.0
1056,27.04,88.264,2009-07-22,downpour,landslide,1,0.7,1.7,2.7,5.2,5.9,19.1,85.5
6124,25.6157,96.3167,2014-07-04,rain,landslide,1,0.6,2.2,4.2,8.9,17.8,68.7,184.4
4858,26.1662,91.7138,2013-05-11,rain,landslide,1,0.1,0.1,0.5,12.2,13.0,44.3,69.4
6293,25.5006,90.0896,2014-10-20,rain,landslide,1,0.0,0.0,0.0,0.1,0.3,0.3,11.5
5269,25.8376,94.5234,2013-08-04,continuous_rain,landslide,1,0.0,0.0,0.0,1.1,1.2,18.7,23.2
5270,26.0481,94.4619,2013-08-04,continuous_rain,landslide,1,0.0,0.0,0.0,0.7,1.3,21.3,33.5
6284,26.1324,91.8342,2014-09-22,rain,landslide,1,0.4,0.4,0.5,9.3,20.9,106.7,129.1
4743,22.6205,91.6591,2013-01-30,rain,landslide,1,0.0,0.0,0.0,0.0,0.0,0.0,0.0
6146,27.059,88.4694,2014-07-15,rain,landslide,1,0.7,2.4,2.4,3.4,15.0,25.8,83.4
4394,27.1748,88.6458,2012-06-07,rain,landslide,1,0.1,0.1,0.4,0.4,1.8,4.7,101.9
7699,26.0214,94.5224,2015-08-19,continuous_rain,landslide,1,0.0,0.2,0.9,3.2,10.3,29.9,62.2
9251,25.8702,94.7844,2016-07-28,downpour,landslide,1,0.0,0.0,0.7,2.3,3.6,13.9,102.2
7664,24.7459,93.4251,2015-08-11,continuous_rain,landslide,1,0.0,0.0,0.0,2.6,11.3,34.3,94.9
3816,27.5003,90.5081,2011-07-21,downpour,landslide,1,0.0,0.5,1.7,6.0,8.7,151.2,308.5
1088,26.8867642,88.28044714,2009-08-16,downpour,landslide,1,3.5,9.7,12.6,17.5,26.5,122.7,205.1
10972,26.191688,91.810079,2016-12-15,unknown,landslide,1,0.0,0.0,0.0,0.0,0.0,0.0,0.0
9404,28.0822,96.5316,2016-05-01,downpour,landslide,1,0.3,0.8,2.1,4.3,5.5,38.4,123.4
7589,25.2568,92.3825,2015-08-19,rain,landslide,1,3.4,10.0,16.7,27.8,57.0,120.7,187.4
7283,22.4254,91.8022,2015-07-26,continuous_rain,landslide,1,5.7,16.8,29.0,69.7,168.8,255.4,313.9
7887,27.8835,96.9262,2015-08-16,continuous_rain,landslide,1,0.4,0.7,1.3,6.2,11.8,26.2,53.6
6287,26.1295,91.7056,2014-09-22,rain,landslide,1,0.4,0.4,0.5,9.3,20.9,106.7,129.1
2296,27.167,88.3652,2010-08-20,downpour,complex,1,0.1,0.5,1.9,3.8,28.3,99.2,265.2
9309,25.6127,96.2961,2016-05-23,downpour,landslide,1,0.0,0.0,0.0,0.4,3.4,96.9,132.6
2304,25.5718,94.1211,2010-08-21,downpour,landslide,1,0.0,1.6,2.7,4.2,4.9,33.8,68.5
5273,26.1807,94.5497,2013-08-04,monsoon,landslide,1,0.0,0.0,0.0,3.1,3.8,27.3,67.3
7023,22.0104,91.9538,2015-06-01,mining,landslide,1,0.0,0.0,0.0,0.6,1.0,4.8,8.1
8995,26.1963,91.8074,2016-07-14,monsoon,landslide,1,0.2,0.2,0.2,6.7,10.0,46.2,133.7
1125,27.3746,88.7648,2009-08-26,rain,landslide,1,0.7,5.3,11.3,13.8,16.9,73.0,173.6
7313,24.1077,94.0396,2015-08-01,continuous_rain,landslide,1,0.2,1.4,4.0,53.3,146.5,462.0,618.5
2112,27.5509,88.6475,2010-07-21,downpour,landslide,1,2.9,8.0,19.2,44.2,64.3,143.6,290.3
2567,25.6633,94.4703,2010-10-08,downpour,complex,1,0.9,2.0,3.2,8.7,23.2,50.0,61.0
241,27.201,88.4883,2007-09-07,rain,landslide,1,4.7,9.7,24.4,67.1,86.0,163.1,250.7
3794,26.99195749,88.42280921,2011-07-17,rain,landslide,1,1.1,2.4,3.1,9.0,96.2,182.5,261.2
4392,29.2409,95.9761,2012-06-06,downpour,landslide,1,1.2,3.1,4.5,6.1,26.6,89.9,147.7
6285,26.159,91.8178,2014-09-22,rain,landslide,1,0.4,0.4,0.5,9.3,20.9,106.7,129.1
868,26.3333,91.25,2008-10-29,downpour,landslide,1,0.0,0.0,0.0,0.0,0.0,69.4,69.7
5005,26.72,95.029,2013-07-01,downpour,landslide,1,1.2,7.0,11.5,14.6,33.0,64.0,128.7
3860,25.4192,94.108,2011-07-29,rain,landslide,1,0.0,0.0,0.1,7.8,14.8,39.8,106.0
1032,27.0095,88.2592,2009-05-26,tropical_cyclone,landslide,1,2.2,7.3,14.6,23.3,33.5,54.9,145.4
5476,27.3736,88.7323,2013-09-07,rain,landslide,1,0.2,0.3,0.3,0.3,1.5,48.0,153.2
1127,25.1718,93.123,2009-08-27,downpour,landslide,1,0.0,0.0,0.0,0.5,9.1,21.0,115.7
221,22.6461,88.3403,2007-08-31,rain,landslide,1,0.0,0.0,0.0,1.4,1.7,13.3,43.3
1107,27.0736,88.4779,2009-08-20,continuous_rain,landslide,1,0.9,3.6,9.3,12.4,24.5,146.9,499.8
4549,27.5205,89.7466,2012-09-14,downpour,landslide,1,2.1,4.4,7.1,17.2,34.0,64.5,65.9
2201,27.0366,88.263,2010-08-05,downpour,landslide,1,1.2,3.1,9.0,15.0,18.5,42.5,217.8
5603,25.426,94.6024,2013-10-13,downpour,mudslide,1,0.0,0.0,0.0,0.0,0.0,0.1,28.1
5442,27.1614,93.7525,2013-09-02,downpour,landslide,1,0.2,1.6,2.9,5.8,12.1,33.1,94.7
7933,26.1868,91.6739,2015-09-01,rain,rock_fall,1,0.6,6.1,14.1,59.8,87.3,125.6,216.3
2042,26.0093,94.5238,2010-07-06,monsoon,mudslide,1,0.5,2.0,2.4,3.2,4.4,41.2,119.8
3637,25.51614662,94.2341227,2011-06-21,rain,landslide,1,0.0,1.5,2.6,18.8,20.3,46.9,117.9
6965,27.0257,88.4301,2015-06-17,downpour,landslide,1,0.8,2.5,3.1,3.1,13.3,38.5,87.6
4393,27.7565,88.632,2012-06-07,downpour,landslide,1,0.2,0.3,0.3,0.3,0.5,13.0,27.2
3837,26.5836,93.0038,2011-07-24,downpour,landslide,1,0.3,0.7,1.7,5.7,14.2,90.9,200.5
220,25.1333,93.9667,2007-08-31,rain,landslide,1,0.0,0.0,0.4,4.2,5.1,29.3,127.3
212,25.5576,91.8506,2007-08-26,rain,complex,1,0.0,0.0,0.1,1.2,4.2,25.5,58.6
7372,25.0634,94.3415,2015-07-31,continuous_rain,mudslide,1,3.7,10.0,11.8,24.4,52.0,119.9,183.5
3806,27.1032,93.6884,2011-07-19,downpour,landslide,1,2.5,7.1,13.1,17.1,40.1,83.1,179.1
126,27.1499,88.38,2007-07-16,rain,mudslide,1,0.5,0.8,2.5,4.8,8.2,85.7,286.6
1168,27.1954,88.6115,2009-09-17,rain,landslide,1,0.3,0.6,0.7,4.1,7.6,17.5,117.3
2570,24.837,93.9128,2010-10-08,downpour,landslide,1,0.9,2.5,5.0,10.1,22.6,43.6,49.2
7702,22.2092,92.1868,2015-08-20,rain,landslide,1,3.0,3.9,5.0,9.6,30.1,61.8,90.4
2214,27.0375,88.2627,2010-08-06,downpour,landslide,1,0.3,0.9,2.3,5.8,13.9,42.8,169.1
2026,25.4916,91.2698,2010-06-28,downpour,landslide,1,1.0,8.4,14.4,30.9,82.3,198.6,329.5
3943,27.13862165,88.22551799,2011-08-23,downpour,landslide,1,4.9,18.9,27.1,33.1,35.9,47.1,438.6
714,27.163,94.0,2008-08-14,rain,landslide,1,0.0,0.0,0.0,1.4,8.4,54.0,141.5
247,25.0604,93.9877,2007-09-08,rain,landslide,1,0.2,0.4,1.2,7.4,29.4,108.5,154.8
6110,26.1619,91.7697,2014-06-27,rain,landslide,1,1.4,6.9,16.3,24.3,29.2,37.5,208.9
4407,25.0951,92.3567,2012-06-13,downpour,landslide,1,0.7,2.8,4.0,4.1,7.9,108.1,144.8
239,27.0667,89.5833,2007-09-07,rain,landslide,1,4.7,15.7,29.3,48.4,71.3,153.3,249.2
3789,27.2743,92.9064,2011-07-16,downpour,landslide,1,1.6,1.8,3.0,3.4,69.6,135.2,196.4
9618,26.9343,88.4486,2016-10-15,downpour,rock_fall,1,0.0,0.0,0.0,0.0,4.0,156.8,241.8
9245,25.6226,96.2946,2016-01-25,mining,landslide,1,0.0,0.0,0.0,0.0,0.0,0.7,1.8
6292,25.7238,89.9032,2014-09-23,continuous_rain,landslide,1,1.7,4.4,9.4,14.3,41.9,73.9,103.1
6783,26.8546,88.3373,2012-07-19,monsoon,landslide,1,0.8,3.2,7.0,11.0,60.9,138.2,229.2
545,24.9849,92.8411,2008-05-20,mining,mudslide,1,1.0,3.2,5.3,8.0,24.4,49.6,59.9
2436,24.3069,93.125,2010-09-16,downpour,landslide,1,0.9,2.6,8.9,12.1,21.8,44.2,82.8
7265,25.5007,93.9854,2015-07-22,continuous_rain,landslide,1,1.1,2.0,3.2,10.9,31.4,81.4,179.3
7334,28.1737,94.7596,2015-08-18,unknown,landslide,1,1.6,5.9,10.3,17.7,31.0,114.4,144.9
758,27.05,90.8,2008-08-29,rain,mudslide,1,2.2,5.9,8.9,16.6,40.7,258.1,315.3
7727,25.6263,94.1057,2015-08-20,continuous_rain,landslide,1,0.5,4.2,21.4,38.9,40.9,65.0,92.3
741,22.344,91.8188,2008-08-23,downpour,landslide,1,0.0,0.0,0.0,0.1,0.1,6.2,96.2
6200,27.0869,93.6086,2014-08-17,downpour,landslide,1,0.0,1.5,4.2,6.3,18.1,220.2,356.3
9617,26.888,88.2796,2016-10-15,unknown,landslide,1,0.0,0.0,0.0,0.0,33.0,195.7,327.9
7778,23.8447,93.0514,2015-08-26,continuous_rain,mudslide,1,0.3,0.9,0.9,6.2,7.5,22.0,89.8
6290,25.5772,91.8666,2014-09-23,continuous_rain,landslide,1,12.0,31.6,45.5,66.6,130.4,233.9,281.1
1110,26.88405686,88.28087032,2009-08-20,continuous_rain,landslide,1,4.2,10.0,13.3,62.0,91.4,143.7,358.9
4408,25.5498,92.0757,2012-06-13,downpour,landslide,1,0.0,0.3,0.4,6.7,9.5,32.6,79.0
2140,25.0477,92.801,2010-07-25,downpour,landslide,1,0.0,0.0,1.9,1.9,8.2,34.4,95.5
4403,24.8142,93.5444,2012-06-10,downpour,landslide,1,1.9,2.1,2.4,5.3,6.0,7.3,41.0
5429,27.3425,88.2426,2013-09-01,downpour,landslide,1,0.5,1.8,9.3,28.1,34.1,51.7,126.5
2243,25.70223725,94.04619681,2010-08-13,downpour,landslide,1,0.8,8.9,12.6,13.5,22.7,54.2,87.3
9074,27.1176,88.1069,2016-07-20,downpour,landslide,1,0.5,1.8,2.4,11.3,17.7,334.8,416.8
2554,23.9723,96.8566,2010-10-06,downpour,landslide,1,0.0,0.4,1.5,5.1,13.9,16.6,40.9
9142,26.3185,94.5247,2016-06-14,continuous_rain,landslide,1,0.2,0.4,0.5,13.4,30.9,70.8,224.6
6107,26.1844,91.7896,2014-06-26,continuous_rain,landslide,1,2.5,8.5,15.5,22.9,27.8,36.6,216.0
255,24.2451,94.0691,2007-09-10,rain,landslide,1,0.0,0.2,1.1,1.4,2.1,28.5,119.7
1882,27.21962595,89.5187916,2010-05-20,downpour,landslide,1,0.0,1.2,1.9,10.0,26.8,34.9,38.0
4556,27.1675,88.3651,2012-09-16,downpour,landslide,1,3.2,10.3,17.9,34.9,73.4,218.7,290.3
7660,25.6237,94.1136,2015-08-12,continuous_rain,mudslide,1,0.9,0.9,2.0,3.0,12.2,90.8,181.2
7037,26.8811,88.2779,2015-07-01,downpour,landslide,1,0.2,6.4,10.0,11.7,15.4,53.4,94.6
2437,23.7527,92.694,2010-09-16,downpour,landslide,1,0.3,0.3,0.3,3.8,14.1,41.5,65.3
7389,24.4072,94.0644,2015-08-01,continuous_rain,landslide,1,11.4,36.1,62.9,77.0,140.3,262.6,391.9
7371,23.9939,94.0573,2015-08-01,continuous_rain,landslide,1,3.9,20.7,49.3,79.5,209.3,471.8,640.6
7923,26.49349035,91.72137514,2015-09-01,rain,landslide,1,0.2,2.0,3.5,35.5,51.2,103.1,166.9
731,26.138,94.25,2008-08-19,downpour,mudslide,1,2.0,3.5,4.1,4.8,25.1,46.2,88.2
2067,27.21782272,89.51924545,2010-07-13,downpour,complex,1,1.8,1.8,2.1,5.0,58.2,243.8,335.3
760,25.67,94.1066,2008-08-29,downpour,complex,1,0.0,2.3,3.4,6.3,7.8,16.5,188.4
10005,26.10973183,91.80317334,2017-07-06,continuous_rain,landslide,1,0.0,1.6,3.2,15.0,36.6,257.3,463.7
3632,27.0638,88.4659,2011-06-20,rain,landslide,1,0.0,0.0,0.0,0.9,7.2,67.9,109.1
2182,24.9356,93.8443,2010-07-31,rain,landslide,1,0.3,0.3,0.5,2.3,5.2,47.7,67.6
6963,23.7131,92.7362,2015-06-19,rain,landslide,1,0.0,0.4,2.3,3.8,5.5,18.7,51.6
1954,24.7543,93.5039,2010-06-07,rain,landslide,1,0.0,0.0,1.0,1.8,1.8,23.1,47.1
5336,26.3897,94.9439,2013-08-16,rain,landslide,1,2.1,4.3,6.3,10.3,14.6,32.1,84.6
9365,25.6219,96.2887,2016-04-02,unknown,landslide,1,0.6,0.7,1.1,1.1,2.8,5.5,11.0
7590,25.1416,92.3807,2015-08-19,rain,landslide,1,3.4,10.0,16.7,27.8,57.0,120.7,187.4
7134,24.5582,88.1825,2015-04-19,dam_embankment_collapse,mudslide,1,0.0,0.0,0.0,0.0,0.0,6.2,18.4
1222,23.73478778,92.72124394,2009-10-05,downpour,landslide,1,1.7,4.2,6.8,16.4,19.0,62.2,73.2
8222,26.1961,91.7825,2016-06-22,downpour,mudslide,1,0.4,3.6,5.3,7.3,8.6,23.4,144.8
7706,25.0728,92.3636,2015-08-19,rain,landslide,1,4.4,13.9,21.4,36.4,66.2,158.7,260.9
9215,27.1758,88.5294,2016-01-14,unknown,rock_fall,1,0.0,0.0,0.0,0.0,0.0,1.5,11.4
9620,27.172,88.5292,2016-10-15,downpour,landslide,1,0.0,0.0,0.0,0.0,4.0,156.8,241.8
8224,23.7313,92.7187,2015-09-14,downpour,landslide,1,0.4,1.6,4.9,15.0,15.3,30.5,46.1
614,26.89,88.28,2008-06-29,unknown,landslide,1,0.7,2.2,2.6,6.0,12.9,56.2,94.7
1100,26.8928,89.4497,2009-08-18,downpour,landslide,1,2.4,5.8,7.7,12.0,17.8,322.8,603.0
242,26.8833,88.2833,2007-09-07,rain,landslide,1,7.3,17.7,37.7,74.9,88.0,237.0,303.3
3898,22.2009,92.2168,2011-08-08,rain,landslide,1,0.8,0.9,0.9,5.7,11.9,40.1,74.2
4241,25.1604,93.6795,2012-03-04,unknown,landslide,1,0.0,0.0,0.0,0.3,0.7,10.2,23.3
755,27.337,88.609,2008-08-28,downpour,landslide,1,4.1,12.4,25.0,38.3,67.1,181.0,330.4
1756,27.322,88.6087,2010-04-17,downpour,landslide,1,0.0,0.0,0.0,0.7,1.9,4.1,32.4
1930,28.4298,95.8776,2010-05-31,downpour,landslide,1,0.6,0.9,1.4,3.0,3.7,13.2,51.9
9334,24.5204,92.7264,2016-05-18,continuous_rain,landslide,1,1.9,5.9,10.4,17.4,34.2,48.4,93.7
8237,27.0136,92.6351,2016-07-01,downpour,landslide,1,1.7,4.3,8.0,13.9,22.0,63.3,88.4
4385,27.7167,88.5577,2012-06-03,downpour,landslide,1,0.6,1.7,3.2,4.6,12.4,37.3,98.2
585,27.0998,93.6287,2008-06-14,rain,landslide,1,1.2,2.7,5.1,7.5,16.9,44.6,86.3
4859,26.1771,91.7599,2013-05-11,rain,landslide,1,4.5,4.6,4.6,4.6,20.8,36.9,67.2
3916,25.7713,93.8067,2011-08-13,downpour,mudslide,1,1.9,3.7,8.0,11.5,28.5,57.9,237.5
9428,27.5523,91.752,2016-04-22,continuous_rain,landslide,1,1.0,4.2,9.9,20.6,30.5,77.4,104.4
4436,26.9986,95.4993,2012-06-25,downpour,landslide,1,2.3,11.0,18.4,24.7,42.8,97.5,219.9
7034,27.0875,88.6556,2015-06-30,downpour,landslide,1,0.4,5.7,9.8,19.1,30.0,140.7,208.1
7298,22.3513,91.8295,2015-07-27,continuous_rain,landslide,1,3.2,7.8,12.6,45.0,105.0,313.3,372.8
5250,27.8837,93.0515,2013-08-01,rain,mudslide,1,0.7,0.8,2.6,5.4,7.9,22.0,137.7
3805,27.05374234,88.42572376,2011-07-19,rain,landslide,1,3.3,4.9,7.3,10.3,10.7,125.6,253.1
3738,24.8063,93.9482,2011-07-06,downpour,landslide,1,0.1,0.2,1.2,3.6,8.7,19.4,50.4
2426,22.7176,92.8416,2010-09-13,downpour,landslide,1,0.3,1.3,1.8,6.5,10.8,33.5,60.0
7266,25.5098,93.8794,2015-07-22,continuous_rain,landslide,1,1.1,2.0,3.2,10.9,31.4,81.4,179.3
1084,27.7,92.8,2009-08-12,downpour,landslide,1,5.9,19.1,32.9,40.5,60.6,143.1,244.5
6930,25.6115,96.2907,2015-03-30,mining,landslide,1,0.0,0.0,0.0,0.0,0.1,5.5,17.5
253,23.8917,90.9733,2007-09-10,rain,mudslide,1,0.0,0.1,0.1,2.6,22.3,87.3,135.6
5969,25.8509,97.4381,2014-03-20,construction,landslide,1,0.0,0.0,0.0,1.2,1.2,1.2,1.2
1129,24.8628,94.4182,2009-08-30,downpour,landslide,1,1.4,2.0,3.4,5.1,5.1,20.3,51.9
2166,24.9786,93.5027,2010-07-29,downpour,landslide,1,1.8,2.3,2.8,4.3,4.6,19.6,53.7
1051,26.026,97.3715,2009-07-04,downpour,landslide,1,1.3,3.0,3.8,6.5,18.0,65.7,299.9
213,25.2946,92.8339,2007-08-26,rain,landslide,1,4.0,12.9,24.8,37.7,44.9,69.9,94.7
4426,26.1226,91.7162,2012-06-22,downpour,landslide,1,2.5,5.3,9.0,22.5,87.7,160.9,193.4
8366,25.583,91.893,2015-09-23,downpour,landslide,1,1.2,4.6,10.1,31.4,67.0,156.4,211.9
1934,24.6005,92.3814,2010-06-03,downpour,landslide,1,0.3,0.3,1.0,2.4,7.1,27.3,165.8
9464,27.5754,91.9754,2016-08-05,downpour,landslide,1,0.2,0.6,0.7,1.9,2.6,10.3,48.1
7655,27.5799,91.8569,2016-04-22,continuous_rain,landslide,1,1.0,3.7,8.0,19.0,29.7,57.4,80.9
3912,27.44,92.2833,2011-08-12,rain,landslide,1,0.0,0.0,0.0,1.7,3.1,21.6,158.1
5272,26.2083,94.5438,2013-08-04,monsoon,landslide,1,0.0,0.0,0.0,3.1,3.8,27.3,67.3
580,24.6596,93.9784,2008-06-09,monsoon,landslide,1,0.4,0.7,1.7,10.1,14.6,39.6,43.4
5575,25.8266,94.1497,2013-10-05,continuous_rain,mudslide,1,0.3,1.1,3.5,9.2,26.4,42.4,61.6
8996,26.1768,91.7702,2016-07-14,monsoon,landslide,1,0.2,0.2,0.2,6.7,10.0,46.2,133.7
1613,27.8997,93.3497,2010-04-02,downpour,mudslide,1,1.4,5.5,13.7,16.7,20.2,62.6,122.9
4857,23.7281,92.7175,2013-05-11,rain,landslide,1,0.0,0.0,0.0,0.1,5.9,25.2,78.5
7138,27.0816,88.4397,2015-07-07,continuous_rain,landslide,1,0.0,0.0,0.1,0.6,16.3,76.1,226.7
2084,25.6167,96.3167,2010-07-15,downpour,landslide,1,0.3,2.4,4.2,4.9,14.8,45.0,185.2
6945,25.16,93.686,2015-06-19,monsoon,landslide,1,0.0,0.0,0.0,4.8,5.5,13.0,68.5
1857,25.3433,92.2897,2010-05-11,downpour,landslide,1,3.0,7.0,11.2,18.0,33.3,138.8,145.7
2743,27.5798729,91.85672387,2010-11-22,unknown,landslide,1,0.0,0.0,0.0,0.4,3.3,21.1,29.8
4860,26.1016,91.6906,2013-05-11,rain,landslide,1,9.3,9.4,9.4,9.5,16.5,21.3,56.0
4845,24.2315,92.6755,2013-05-07,rain,mudslide,1,1.0,1.5,1.7,1.9,8.9,40.6,50.8
1770,26.1965,91.763,2010-04-20,downpour,landslide,1,0.4,1.4,6.0,16.6,23.5,96.2,133.3
7363,26.8843,88.1835,2015-06-30,downpour,landslide,1,3.6,8.4,10.5,12.1,15.6,54.0,94.8
7728,26.1028,91.8806,2015-08-22,continuous_rain,landslide,1,0.0,0.0,0.0,0.0,1.2,132.9,283.8
7314,23.7736,94.1201,2015-08-01,rain,landslide,1,1.4,9.1,22.4,39.9,145.0,509.2,746.5
10024,25.83762589,93.94633448,2017-06-25,continuous_rain,mudslide,1,0.4,2.8,4.4,7.7,26.0,63.8,129.0
5274,26.0838,94.564,2013-08-04,rain,landslide,1,0.0,0.0,0.0,0.7,1.3,21.3,33.5
3776,27.125,93.7145,2011-07-15,downpour,landslide,1,1.1,1.8,5.0,21.6,45.7,90.9,118.2
7836,24.042,92.6724,2015-08-27,downpour,landslide,1,0.3,0.7,0.8,4.3,10.5,22.1,72.0
4798,28.8254,96.1509,2013-04-07,rain,landslide,1,0.1,0.2,0.3,2.8,12.1,64.9,117.2
7388,24.416,94.0984,2015-08-01,continuous_rain,landslide,1,11.4,36.1,62.9,77.0,140.3,262.6,391.9
2343,25.4786,94.1327,2010-08-27,downpour,landslide,1,0.3,4.5,11.2,12.0,13.3,22.2,56.7
5421,26.4205,94.9731,2013-08-30,unknown,mudslide,1,0.0,0.1,0.2,1.9,5.0,36.6,109.6
3619,27.4885,88.4451,2011-06-17,rain,mudslide,1,1.3,8.4,22.1,40.0,53.6,84.8,113.9
7591,25.0318,92.4584,2015-03-19,rain,landslide,1,0.0,0.0,0.0,0.0,0.0,0.1,0.1
3683,25.8782,94.1739,2011-07-01,downpour,landslide,1,0.4,1.9,3.9,23.1,26.6,89.9,146.5
9619,27.1695,88.3664,2016-10-15,rain,landslide,1,0.0,0.0,0.0,2.6,39.8,155.7,273.5
5441,28.611,94.9829,2013-09-02,downpour,landslide,1,1.2,3.1,5.6,12.0,30.1,51.3,117.9
9232,23.5397,93.3783,2016-07-28,continuous_rain,landslide,1,0.0,0.0,0.0,3.0,3.1,29.2,58.3
4434,26.1049,91.7369,2012-06-25,downpour,landslide,1,0.4,2.2,6.2,33.6,36.0,172.8,379.4
1090,26.9599,88.268,2009-08-16,downpour,landslide,1,2.5,4.3,7.8,12.8,19.5,115.5,198.8
4378,28.8254,96.1517,2012-06-02,downpour,landslide,1,0.2,1.3,3.3,5.5,10.5,27.8,28.5
7214,27.36,93.0385,2015-07-15,monsoon,landslide,1,6.1,18.7,38.2,73.4,84.4,129.5,188.1
2405,28.3036,95.4112,2010-09-09,downpour,landslide,1,2.8,5.2,6.7,12.3,37.9,113.5,531.9
3556,25.1555,93.8474,2011-05-31,continuous_rain,landslide,1,2.0,5.4,19.6,69.7,130.3,165.2,193.2
5582,26.1309,91.8383,2013-10-06,downpour,landslide,1,2.3,6.5,8.9,11.7,17.1,49.0,62.5
2569,25.2745,94.0212,2010-10-08,downpour,landslide,1,0.5,1.3,2.5,8.0,19.3,41.2,58.4
2423,23.73504471,92.71060943,2010-09-13,downpour,landslide,1,0.0,0.3,0.3,2.7,4.9,17.1,41.7
3532,25.0888,92.8551,2011-05-24,downpour,complex,1,1.0,4.6,10.4,16.2,32.5,138.3,221.0
2345,27.3392,88.6188,2010-08-27,downpour,landslide,1,0.9,2.0,5.2,9.7,20.6,63.6,388.2
7956,26.048,91.8695,2015-09-05,unknown,landslide,1,0.0,0.0,0.0,2.6,35.8,151.9,502.1
6970,25.5084,90.2191,2015-06-16,downpour,rock_fall,1,0.6,1.9,3.4,7.0,21.7,66.7,298.0
2425,23.3439,93.0748,2010-09-13,downpour,landslide,1,0.3,1.5,1.7,4.6,7.7,25.3,45.3
5312,26.7103,94.693,2013-08-11,downpour,landslide,1,0.9,2.9,4.5,11.4,26.4,50.8,105.7
2568,24.7679,93.4108,2010-10-08,downpour,landslide,1,1.0,2.4,4.2,8.3,17.4,49.4,60.5
1929,27.3543,88.6428,2010-05-31,downpour,landslide,1,0.0,0.0,0.0,2.6,3.5,15.8,62.7
7409,25.72,94.6219,2015-08-02,continuous_rain,landslide,1,0.0,0.0,0.0,0.8,9.0,52.7,61.8
9219,26.0101,94.5282,2016-07-26,downpour,landslide,1,0.2,0.2,0.5,1.4,1.5,80.4,112.2
9027,25.6566,96.3495,2016-07-12,mining,landslide,1,0.5,1.7,2.4,3.3,8.9,32.1,71.1
274,27.0875,88.4572,2007-09-20,rain,landslide,1,0.0,0.0,0.0,0.0,0.0,6.1,36.9
2579,25.682,94.1076,2010-10-09,downpour,landslide,1,1.3,5.6,10.0,17.7,27.2,65.8,84.5
1225,27.0524,90.4997,2009-10-06,downpour,landslide,1,0.0,0.0,0.4,3.0,8.1,19.8,20.2
8223,23.7348,92.7187,2015-09-14,downpour,landslide,1,0.4,1.9,3.9,6.8,16.8,32.0,47.6
6753,22.202,92.2217,2015-02-08,mining,rock_fall,1,0.0,0.0,0.0,0.0,0.0,0.0,0.0
2110,26.8599,89.3943,2010-07-21,downpour,landslide,1,10.7,25.9,31.7,34.9,86.3,248.8,308.2
6982,24.9016,91.8771,2015-06-11,rain,landslide,1,3.4,13.5,25.5,34.9,61.3,135.5,206.7
720,22.9,96.48,2008-08-16,monsoon,landslide,1,0.0,0.2,0.8,2.4,4.7,43.6,172.9
7336,25.2193,90.5549,2015-08-19,continuous_rain,landslide,1,3.0,7.0,14.7,26.1,50.5,117.4,168.9
9252,27.5748,91.8644,2016-07-28,monsoon,landslide,1,0.0,0.0,0.0,2.0,10.8,91.6,240.5
254,27.0971,90.4032,2007-09-10,rain,landslide,1,3.3,7.0,8.1,12.4,21.4,110.0,527.1
582,22.9231,96.5016,2008-06-11,downpour,landslide,1,0.2,2.3,5.9,7.2,19.4,78.2,150.1
7038,26.8781,88.2807,2015-07-01,downpour,landslide,1,0.2,6.4,10.0,11.7,15.4,53.4,94.6
5300,25.318,94.0441,2013-08-09,downpour,landslide,1,0.0,0.0,0.0,3.4,11.3,31.4,112.6
5218,22.3521,91.8151,2013-07-28,downpour,landslide,1,1.9,5.7,11.2,22.3,49.0,119.6,132.2
7665,24.7016,93.5291,2015-08-11,continuous_rain,landslide,1,0.0,0.0,0.0,2.6,11.3,34.3,94.9
133,23.9304,88.2374,2007-07-21,rain,landslide,1,4.4,7.2,12.7,14.2,21.3,53.5,102.2
1994,25.0633,92.8025,2010-06-16,downpour,landslide,1,0.4,1.3,3.8,7.1,18.9,84.3,122.1
3760,25.6703,94.1095,2011-07-11,downpour,landslide,1,1.0,1.2,1.2,2.3,4.5,10.1,55.9
1980,22.0,92.3333,2010-06-15,downpour,landslide,1,6.1,21.7,48.3,77.9,119.2,193.4,208.7
9587,26.8692,88.4695,2016-10-12,downpour,landslide,1,18.9,20.5,21.4,38.6,46.0,93.7,116.3
1104,26.8042,88.125,2009-08-19,downpour,landslide,1,0.1,0.5,1.4,18.8,42.8,99.5,231.5
7223,22.3507,91.8147,2015-07-19,downpour,other,1,2.7,6.5,8.5,12.6,52.8,123.2,131.7
7139,26.8826,88.2806,2015-07-07,continuous_rain,landslide,1,0.0,0.0,0.0,1.0,2.0,66.0,138.0
2116,27.0674,89.5615,2010-07-22,downpour,landslide,1,9.2,24.3,34.3,65.2,160.5,364.0,566.2
692,25.705,94.04,2008-08-07,downpour,landslide,1,0.1,1.6,1.8,2.6,30.6,63.2,155.4
3633,26.3186,94.5121,2011-06-20,downpour,landslide,1,0.0,0.0,0.0,3.0,5.7,70.9,138.8
7374,25.1122,94.3591,2015-08-01,continuous_rain,landslide,1,2.7,10.1,14.0,25.1,52.6,120.5,186.0
4446,28.9986,94.8885,2012-07-05,downpour,landslide,1,2.4,3.7,5.0,11.5,36.1,123.5,164.9
2341,27.2319,88.497,2010-08-26,downpour,landslide,1,0.2,0.7,1.0,3.2,9.8,152.2,340.8
2098,26.7215,95.0283,2010-07-19,downpour,landslide,1,2.4,5.8,11.1,17.0,46.2,67.4,168.4
7718,22.1909,92.2135,2015-08-21,continuous_rain,landslide,1,2.2,3.1,3.7,10.1,47.2,101.1,127.6
269,27.2872,88.2816,2007-09-18,rain,landslide,1,0.0,0.0,0.0,0.7,3.1,19.7,49.9
2205,23.7365,92.7146,2010-08-06,downpour,landslide,1,0.0,0.0,0.0,19.7,29.3,64.0,127.1
4610,23.7705,92.5217,2012-11-11,downpour,landslide,1,0.0,0.0,0.0,0.0,0.0,1.7,40.6
2109,27.0502,89.9442,2010-07-21,downpour,landslide,1,5.7,7.3,7.8,15.3,105.6,344.7,397.6
5275,26.1498,94.6055,2013-08-04,monsoon,landslide,1,0.0,0.0,0.0,3.1,3.8,27.3,67.3
9138,26.9015,88.4719,2016-07-21,rain,landslide,1,3.9,12.9,28.9,72.0,136.5,184.8,465.8
1260,27.3144,89.545,2009-10-15,rain,mudslide,1,0.0,0.0,0.0,0.0,0.0,0.0,85.5
1031,26.8836,88.2791,2009-05-26,tropical_cyclone,landslide,1,3.1,8.5,15.9,25.2,36.2,44.5,105.2
8708,22.1334,96.4669,2015-10-13,monsoon,landslide,1,0.6,0.6,2.8,9.6,17.8,42.8,96.4
2247,26.148,94.8422,2010-08-14,downpour,landslide,1,0.0,0.0,0.2,4.4,10.5,26.7,58.6
727,22.3421,91.8242,2008-08-18,monsoon,landslide,1,1.2,4.1,6.2,12.3,33.8,77.0,154.8
6964,27.0087,88.443,2015-06-17,downpour,landslide,1,0.8,2.5,3.1,3.1,13.3,38.5,87.6
683,24.896,91.9022,2008-08-01,rain,landslide,1,1.6,3.8,8.0,11.4,11.6,39.8,115.8
3927,25.5144,90.2167,2011-08-16,downpour,landslide,1,3.2,16.9,30.4,38.5,44.6,64.9,174.9
678,25.606,96.275,2008-07-30,downpour,complex,1,1.0,3.7,6.4,7.2,12.9,39.8,128.1
259,25.52,91.27,2007-09-11,rain,landslide,1,0.0,0.3,0.4,2.7,16.4,98.5,424.0
6112,26.1964,91.7652,2014-06-28,rain,landslide,1,0.0,0.0,0.5,4.6,6.7,40.7,157.4
7359,22.3605,91.8236,2015-09-27,construction,landslide,1,0.0,0.0,0.0,0.0,0.0,45.5,145.8
574,26.7969,89.591,2008-06-07,rain,complex,1,0.4,1.1,1.5,3.1,5.9,83.6,152.4
7222,22.3913,91.8177,2015-07-19,downpour,landslide,1,2.5,7.5,10.8,14.2,51.8,123.6,133.7
7039,27.0678,88.456,2015-07-01,downpour,landslide,1,2.6,6.4,13.3,14.7,28.7,64.5,94.2
231,27.06826195,88.28121204,2007-09-05,rain,landslide,1,1.0,5.0,10.7,16.5,39.8,78.3,136.7
7390,24.4265,94.1913,2015-08-01,continuous_rain,landslide,1,3.4,11.9,22.5,34.0,96.4,250.5,446.1
7036,26.8352,88.1881,2015-07-01,downpour,landslide,1,0.7,5.0,11.2,14.1,19.8,59.5,110.3
2420,23.72988966,92.71495623,2010-09-13,downpour,landslide,1,0.0,0.3,0.3,2.7,4.9,17.1,41.7
264,26.1833,91.8,2007-09-13,rain,landslide,1,0.0,1.1,1.4,2.1,3.3,10.4,208.9
1106,26.8992,88.1667,2009-08-20,continuous_rain,landslide,1,0.7,1.3,5.5,8.9,21.5,130.0,281.6
2034,26.8712,88.3052,2010-07-04,rain,landslide,1,1.0,1.3,1.7,5.5,34.4,111.6,322.7
251,27.1667,88.35,2007-09-09,rain,landslide,1,0.5,4.4,8.7,10.5,89.7,375.6,563.1
4347,29.4903,90.9352,2012-05-03,downpour,landslide,1,0.0,0.0,0.7,0.7,0.7,6.4,18.0
6214,25.9702,91.8587,2014-10-05,rain,landslide,1,0.0,0.0,0.0,0.0,0.0,0.6,2.3
3944,27.7344,88.633,2011-08-25,downpour,landslide,1,0.0,0.7,0.9,6.5,9.0,28.0,53.8
4411,27.339,88.6065,2012-06-14,downpour,landslide,1,0.0,0.5,3.6,8.3,11.8,32.6,73.5
10022,26.7903,88.11,2016-08-09,continuous_rain,landslide,1,0.0,0.0,0.0,0.0,1.0,20.8,47.2
252,25.4993,94.1192,2007-09-09,rain,landslide,1,4.9,16.4,27.5,36.8,52.8,98.3,196.6
7384,23.9278,94.0906,2015-08-01,rain,landslide,1,3.9,20.7,49.3,79.5,209.3,471.8,640.6
211,24.9667,93.55,2007-08-26,continuous_rain,mudslide,1,3.2,7.6,9.4,10.3,19.6,35.5,50.6
4384,25.1775,93.0123,2012-06-03,downpour,landslide,1,0.4,0.9,1.9,2.7,7.7,107.4,149.1
142,25.5212,90.232,2007-07-27,rain,rock_fall,1,1.1,3.9,8.8,16.9,50.2,131.2,196.5
7033,27.0161,88.2478,2015-06-29,downpour,landslide,1,1.6,6.8,12.1,16.8,50.1,85.0,166.2
6758,24.3311,91.5642,2015-02-09,mining,other,1,0.0,0.0,0.0,0.0,0.0,0.0,0.0
4383,25.3056,93.1265,2012-06-03,downpour,landslide,1,0.0,0.3,0.3,1.9,8.3,105.1,134.6
2163,25.4196,94.1054,2010-07-29,downpour,landslide,1,1.0,2.3,4.2,7.4,9.3,42.6,101.5
7375,25.1941,94.4481,2015-08-01,continuous_rain,landslide,1,1.1,3.1,4.0,14.7,43.3,99.6,147.0
6967,27.0165,88.2476,2015-06-13,downpour,landslide,1,1.2,3.3,5.7,22.9,33.5,108.4,223.6
4861,24.9926,93.4946,2013-05-12,rain,mudslide,1,0.3,4.5,13.4,17.3,69.8,261.1,562.5
1093,26.88211522,88.3195318,2009-08-16,downpour,landslide,1,2.5,4.3,7.8,12.8,19.5,115.5,198.8
3932,25.83,94.13,2011-08-18,monsoon,landslide,1,0.0,0.5,0.5,3.0,4.2,32.6,79.8
7972,23.4495,92.8112,2015-08-28,downpour,landslide,1,0.0,0.0,0.0,4.9,6.7,21.1,47.7
3831,24.7992,93.948,2011-07-22,downpour,landslide,1,0.0,0.1,0.6,4.3,11.5,67.7,122.7
5584,26.1665,91.7049,2013-10-06,downpour,landslide,1,0.5,2.4,4.1,5.4,13.6,38.8,70.6
5394,22.9167,93.6833,2013-08-23,downpour,landslide,1,0.0,0.0,0.0,4.1,4.7,30.2,160.9
7387,24.954,94.2156,2015-08-01,continuous_rain,landslide,1,2.7,10.1,14.0,25.1,52.6,120.5,186.0
1986,26.3335,94.5512,2010-06-15,downpour,landslide,1,0.7,3.0,6.9,12.0,13.3,41.0,67.9
7002,22.2144,92.235,2015-06-26,monsoon,landslide,1,8.5,17.8,20.9,23.0,47.4,198.8,253.4
2573,25.1796,93.0083,2010-10-09,downpour,mudslide,1,1.9,9.7,22.2,40.2,54.4,85.8,94.9
6846,25.6183,96.2964,2015-03-08,mining,mudslide,1,0.0,0.0,0.0,0.0,0.0,0.0,0.6
313,25.7055,94.0132,2007-10-16,rain,landslide,1,2.1,5.7,8.6,14.4,27.7,54.4,160.5
319,25.4379,94.1162,2007-10-19,rain,landslide,1,0.5,0.7,0.9,3.7,5.4,39.0,95.1
9010,27.3034,93.804,2016-07-16,downpour,mudslide,1,0.4,3.8,6.5,13.5,23.2,48.3,79.8
6331,25.9466,94.6279,2014-09-08,unknown,mudslide,1,0.4,0.8,2.6,9.0,9.4,12.3,23.2
2539,28.3092,95.4149,2010-10-03,downpour,landslide,1,0.0,0.0,0.0,2.6,3.5,9.5,94.7
5485,27.6047,88.6463,2013-09-08,rain,rock_fall,1,0.3,1.3,2.1,3.3,4.0,64.0,231.7
4554,26.8597,89.3903,2012-09-15,downpour,landslide,1,0.9,2.3,3.0,3.6,45.1,209.5,239.9
94,26.8096,88.526,2007-06-15,rain,landslide,1,3.8,6.4,8.5,12.2,28.5,44.9,304.8
2043,26.7225,95.0281,2010-07-06,monsoon,mudslide,1,0.2,0.5,0.8,2.7,7.5,49.7,108.7
6775,26.1468,91.6469,2015-02-14,mining,landslide,1,0.0,0.0,0.0,0.1,0.4,0.4,0.5
7910,24.3481,94.1146,2015-08-01,unknown,landslide,1,7.2,25.6,51.5,72.0,164.5,330.8,493.5
1987,25.2269,93.1658,2010-06-15,downpour,landslide,1,1.1,2.1,3.2,5.3,6.8,18.7,160.5
1776,25.3612,92.2845,2010-04-21,downpour,landslide,1,0.4,4.4,9.1,20.4,55.7,171.2,213.4
6291,25.7354,90.3852,2014-09-21,continuous_rain,landslide,1,0.3,1.7,3.2,8.6,10.4,49.0,84.7
6786,24.6108,92.562,2015-02-19,mining,landslide,1,0.0,0.0,0.0,0.0,0.7,0.7,2.6
6213,25.8143,90.5763,2014-09-24,continuous_rain,landslide,1,0.7,4.3,7.3,10.0,18.2,102.3,151.5
2415,25.63961883,94.11112157,2010-09-12,downpour,landslide,1,1.1,1.6,1.6,5.7,10.7,28.1,65.6
9336,24.5308,92.5121,2016-05-18,continuous_rain,landslide,1,1.5,6.9,12.3,26.8,45.0,66.6,110.0
7837,23.7269,92.7265,2015-08-27,downpour,landslide,1,0.3,0.7,0.9,4.4,7.6,24.6,67.5
1170,26.8342,88.2798,2009-09-18,rain,landslide,1,0.3,0.7,1.7,4.8,8.9,20.5,47.7
4309,27.256,90.5257,2012-04-06,unknown,complex,1,0.0,0.0,0.7,11.4,21.4,39.7,51.8
9604,27.2676,88.2891,2016-10-12,continuous_rain,landslide,1,13.8,13.9,14.0,21.8,26.5,68.8,87.0
7267,25.3908,94.0926,2015-07-22,continuous_rain,landslide,1,1.1,2.0,3.2,10.9,31.4,81.4,179.3
4848,24.0896,91.4663,2013-05-08,rain,landslide,1,3.1,4.4,10.1,25.0,47.9,165.0,303.9
84,22.3555,91.8205,2007-06-11,monsoon,landslide,1,1.1,4.8,9.2,14.5,23.1,81.3,130.3
9122,26.1966,91.802,2016-07-20,rain,landslide,1,1.4,4.1,5.3,11.0,14.4,56.1,145.2
3617,26.84850975,88.26181745,2011-06-17,continuous_rain,landslide,1,1.3,2.9,4.6,5.8,27.4,50.6,81.7
11152,25.08303063,94.23757741,2017-04-06,unknown,landslide,1,0.0,0.5,3.0,5.7,7.9,23.5,92.9
2574,25.4749,93.1477,2010-10-09,downpour,landslide,1,0.8,5.6,13.4,24.4,36.9,80.4,92.5
2263,26.2753,94.6654,2010-08-17,downpour,landslide,1,0.0,0.1,0.3,9.3,27.5,84.2,130.5
6282,26.1097,91.7747,2014-09-22,rain,landslide,1,0.4,0.4,0.4,10.0,22.0,127.8,141.4
620,27.0771,88.482,2008-06-30,downpour,landslide,1,0.4,2.1,3.0,6.8,10.5,82.1,111.0
6289,26.1001,91.6849,2014-09-22,rain,landslide,1,0.4,0.4,0.4,10.0,22.0,127.8,141.4
9087,28.235,94.9612,2016-07-19,downpour,landslide,1,1.4,4.9,11.0,22.3,43.7,94.4,201.1
2279,26.9722,88.4481,2010-08-19,downpour,landslide,1,2.9,7.2,11.1,15.5,35.0,129.9,250.6
130,26.1699,91.7986,2007-07-19,rain,landslide,1,0.2,0.7,1.4,9.5,10.3,70.3,159.0
1030,27.04357147,88.26522126,2009-05-26,tropical_cyclone,landslide,1,2.2,7.3,14.6,23.3,33.5,54.9,145.4
11167,27.11610665,93.79559574,2017-07-09,continuous_rain,landslide,1,1.6,7.0,18.5,34.7,57.5,79.1,144.8
10983,25.178619,92.012806,2017-03-16,mining,landslide,1,0.0,0.0,0.1,0.1,0.1,0.1,44.9
10980,25.181453,93.118105,2017-04-04,rain,landslide,1,0.2,0.5,2.8,5.8,6.2,12.7,320.6
10964,24.506937,91.588893,2016-11-01,mining,landslide,1,0.0,0.0,0.0,0.2,0.2,5.9,26.7
10988,25.82601444,91.87113067,2017-07-09,continuous_rain,landslide,1,0.2,1.6,18.9,27.3,36.2,61.9,290.7
11182,27.02099026,89.90712175,2017-07-08,downpour,landslide,1,5.5,16.1,32.1,34.7,39.6,67.7,247.8
10955,22.97758595,91.80439129,2017-06-18,downpour,landslide,1,0.9,1.1,2.5,2.8,8.6,61.8,260.7
11176,28.10756941,94.18315697,2017-06-20,rain,landslide,1,0.3,3.0,9.1,24.6,50.3,95.8,228.6
11150,24.79591421,93.72386429,2017-03-30,downpour,landslide,1,12.4,40.9,53.7,62.6,88.2,95.2,102.8
11179,27.02856666,89.57220662,2017-07-08,downpour,landslide,1,4.1,14.3,25.7,31.6,38.3,76.9,223.4
10957,22.90813548,92.47207294,2017-06-09,rain,landslide,1,0.6,3.5,3.6,3.6,14.1,26.6,41.0
10974,26.16066111,91.85294885,2017-04-05,continuous_rain,landslide,1,0.0,0.0,0.0,0.0,3.5,49.0,122.6
11175,27.82743132,93.62407259,2017-05-03,rain,landslide,1,0.6,0.6,0.6,0.6,19.3,88.5,244.5
10985,25.43807422,91.79904872,2017-06-17,continuous_rain,landslide,1,0.1,0.5,11.2,38.5,79.4,177.3,372.9
10989,25.51826286,91.9630294,2017-02-15,mining,landslide,1,0.0,0.0,0.0,0.0,0.0,8.9,8.9
11180,27.51353298,89.79033898,2017-07-08,downpour,landslide,1,2.0,5.3,7.4,8.8,15.3,41.8,128.3
10962,23.65637182,93.02746602,2017-06-17,continuous_rain,landslide,1,0.6,3.4,6.9,7.2,14.1,40.9,177.0
10982,25.092576,91.763689,2017-03-06,mining,landslide,1,0.2,0.3,0.3,0.5,11.5,18.1,18.1
11164,27.1071241,93.65156438,2017-07-09,continuous_rain,landslide,1,1.6,7.0,18.5,34.7,57.5,79.1,144.8
10977,25.481623,93.141692,2017-04-04,rain,landslide,1,0.3,0.4,1.1,2.2,2.5,16.6,253.5
11153,24.83507319,93.89896294,2017-07-09,continuous_rain,landslide,1,0.3,0.9,1.0,1.6,5.1,25.0,127.8
11168,27.21668161,93.63051815,2017-07-11,continuous_rain,landslide,1,1.3,2.6,3.8,15.3,36.9,177.4,238.8
11172,27.0844941,93.60505989,2017-07-09,continuous_rain,landslide,1,1.6,6.4,17.8,32.7,49.6,60.3,126.1
10967,24.37169581,93.70684171,2017-07-10,rain,landslide,1,0.7,2.3,5.4,7.3,8.4,33.2,102.3
10987,25.67836832,91.9234343,2017-06-17,continuous_rain,landslide,1,0.0,0.2,4.7,23.7,39.5,86.8,229.9
10984,25.167803,92.019575,2017-03-08,mining,landslide,1,0.7,1.5,2.3,2.3,2.3,18.0,29.9
10966,24.70412149,92.23034662,2017-06-18,rain,landslide,1,1.1,3.5,8.0,18.4,28.8,105.7,267.9
10979,25.195355,93.172758,2017-04-04,rain,landslide,1,0.2,0.4,2.6,5.3,5.5,17.8,288.3
10963,23.33501164,92.85410625,2017-06-12,rain,landslide,1,6.1,16.7,44.9,70.9,81.6,136.8,178.3
10981,25.08734272,91.75063827,2017-01-23,mining,landslide,1,0.0,0.0,0.0,0.0,0.0,0.0,0.0
10968,24.27173018,93.28039349,2017-07-09,continuous_rain,landslide,1,2.7,3.8,4.0,4.0,6.7,29.9,96.4
11177,27.583849,91.876945,2017-07-11,rain,landslide,1,1.0,3.3,7.2,12.7,22.6,115.2,157.3
11183,27.360364,88.651914,2017-07-10,,rock_fall,1,1.2,26.4,68.5,108.5,131.0,230.2,329.6
11158,25.69111465,94.09483333,2017-07-12,rain,landslide,1,1.5,2.1,4.3,7.8,9.6,54.8,149.7
10969,23.32140323,93.75079688,2017-03-19,unknown,landslide,1,0.0,0.0,0.0,0.0,0.0,0.5,0.7
11170,27.14163897,93.66495709,2017-07-09,continuous_rain,mudslide,1,3.4,15.1,39.4,60.5,77.8,104.5,184.4
11169,27.05957271,93.50102778,2017-07-09,continuous_rain,landslide,1,0.9,5.1,13.5,31.4,50.2,61.2,126.8
10958,22.64753,92.15455,2017-03-16,construction,landslide,1,0.0,0.0,0.0,0.0,0.0,0.0,94.1
11171,27.104022,93.61156568,2017-04-26,continuous_rain,landslide,1,0.2,1.0,2.9,8.2,36.5,121.3,156.7
10976,25.118398,92.853913,2017-04-04,rain,landslide,1,0.0,0.2,3.4,6.2,6.7,16.8,274.2
10970,25.61953667,96.3086022,2017-02-09,mining,landslide,1,0.0,0.0,0.0,0.0,0.0,0.0,0.0
10978,25.132228,93.04681,2017-04-04,rain,landslide,1,0.2,0.5,2.8,5.8,6.2,12.7,320.6
11165,27.092916,93.61882043,2017-07-09,continuous_rain,landslide,1,1.6,6.4,17.8,32.7,49.6,60.3,126.1
11159,25.6320357,94.10065403,2017-07-09,continuous_rain,landslide,1,1.2,2.5,3.7,5.0,7.4,49.7,219.7
10959,23.438189,91.125374,2017-03-16,construction,landslide,1,0.0,0.0,0.0,0.0,0.0,0.0,54.2
11178,26.96437841,92.78260587,2017-06-18,monsoon,landslide,1,1.4,3.3,5.5,7.5,19.0,123.0,277.6
11163,26.95223279,93.85748748,2017-07-10,continuous_rain,landslide,1,0.9,4.6,17.1,23.7,34.2,104.3,166.9
10961,24.0135808,92.67420963,2017-04-25,continuous_rain,landslide,1,0.2,0.8,0.8,0.8,2.0,93.7,121.6
11156,25.73318099,93.99655231,2017-05-16,continuous_rain,landslide,1,1.3,4.0,5.4,13.7,21.4,67.2,85.6
10864,25.64319355,89.45570226,2017-02-07,construction,mudslide,1,0.0,0.0,0.0,0.0,0.0,0.0,0.3
11161,26.66354481,94.62220277,2017-06-24,rain,landslide,1,0.1,2.2,2.6,9.1,9.1,24.4,114.0
10956,22.84756674,91.95656252,2017-06-18,rain,landslide,1,0.2,0.2,4.4,5.4,8.4,52.5,273.4
11155,25.72019272,94.03225673,2017-07-08,continuous_rain,landslide,1,1.6,3.2,3.3,3.8,19.0,87.5,238.8
11154,25.77171292,93.93507183,2017-04-07,rain,landslide,1,1.0,2.0,2.6,2.6,2.8,42.2,149.4
10965,24.33197035,91.8008536,2017-06-19,rain,landslide,1,0.1,1.0,2.3,3.4,7.3,38.2,126.2
10986,25.82860033,91.876717,2017-07-06,downpour,landslide,1,0.1,1.3,1.5,5.4,24.4,154.2,258.3
11166,27.07671517,93.59755441,2017-07-09,continuous_rain,landslide,1,1.6,6.4,17.8,32.7,49.6,60.3,126.1
11181,27.04040393,89.90633458,2017-07-08,downpour,landslide,1,5.5,16.1,32.1,34.7,39.6,67.7,247.8
10960,23.725943,92.7178,2016-09-17,,landslide,1,0.3,1.0,2.4,11.3,19.1,41.0,81.2
11157,25.73111942,93.98827528,2017-07-09,continuous_rain,landslide,1,1.2,2.5,3.7,5.0,7.4,49.7,219.7
11160,26.2632687,94.81481951,2017-07-10,unknown,landslide,1,1.6,5.5,10.2,19.0,31.3,64.4,198.6
10865,27.16009861,91.6036289,2017-07-08,rain,landslide,1,1.1,4.6,14.3,17.6,26.7,52.1,281.4
11174,27.6802471,93.62592773,2017-04-22,continuous_rain,landslide,1,0.2,1.5,3.3,6.0,6.2,67.9,87.6
11151,25.06466676,94.27420555,2017-07-08,continuous_rain,landslide,1,0.6,0.8,1.6,4.4,8.6,21.9,109.0
11149,24.82767572,93.51825,2017-07-09,continuous_rain,landslide,1,0.5,1.2,1.9,3.9,13.5,45.0,175.5
11173,27.61790706,93.84196894,2017-04-22,monsoon,landslide,1,0.8,2.9,6.5,9.7,13.2,79.0,99.8
10975,25.61919207,92.7094701,2017-04-29,continuous_rain,landslide,1,0.0,0.2,0.2,0.2,0.6,1.6,116.1
11162,26.56636244,93.13195098,2017-07-09,continuous_rain,landslide,1,0.9,2.7,6.6,15.7,41.9,85.8,155.9
10973,26.181606,91.772042,2016-12-15,unknown,landslide,1,0.0,0.0,0.0,0.0,0.0,0.0,0.0
